timestamp,region,compute_usage_units,storage_usage_gb,cpu_utilization_percent,storage_utilization_percent,estimated_cost_usd,is_holiday,economic_index
01-01-2025,East US,1091.84,1966.54,71.51,66.17,272.49,0,109.43
01-01-2025,West Europe,713.67,1606.02,54.48,76.18,226.83,0,97.4
01-01-2025,Central India,863.93,1956.62,68.57,82.74,183.84,0,107.34
01-02-2025,Central India,988.18,2247.83,60.21,88.94,210.81,1,95.99
01-02-2025,West Europe,867.93,1788.95,67.26,81.49,262.53,1,95.17
01-02-2025,East US,1112.5,2142.12,80.28,54.72,287.6,1,111.13
01-03-2025,East US,1309.53,2305.42,63.08,95.73,322.99,1,101.55
01-03-2025,West Europe,938.2,2016.0,68.06,73.93,290.46,1,108.87
01-03-2025,Central India,1043.47,2401.68,64.92,69.84,224.13,1,96.23
01-04-2025,West Europe,898.3,1941.68,50.25,88.82,279.03,0,110.4
01-04-2025,Central India,1110.49,2392.46,72.2,64.17,229.68,0,107.17
01-04-2025,East US,1324.82,2365.0,66.42,62.34,329.11,0,106.05
01-05-2025,West Europe,952.51,1893.32,72.2,67.42,282.44,0,105.67
01-05-2025,Central India,1105.54,2445.42,46.91,63.77,232.1,0,111.04
01-05-2025,East US,1252.36,2385.7,75.15,83.1,321.91,0,107.54
01-06-2025,West Europe,837.43,1634.57,64.88,60.92,245.88,1,110.43
01-06-2025,East US,1145.37,2171.43,52.14,78.92,293.66,1,102.09
01-06-2025,Central India,900.06,2164.61,84.59,72.75,198.36,1,95.3
01-07-2025,East US,1000.94,1830.43,65.42,64.83,251.79,0,113.59
01-07-2025,Central India,885.76,1892.96,66.74,66.57,182.37,0,99.92
01-07-2025,West Europe,795.1,1592.02,57.83,74.57,236.7,0,102.94
01-08-2025,Central India,793.86,1709.94,51.49,70.52,164.17,0,107.4
01-08-2025,East US,890.58,1610.06,53.15,61.27,222.69,0,103.87
01-08-2025,West Europe,579.96,1456.14,62.27,66.93,196.58,0,104.61
01-09-2025,West Europe,549.11,1190.97,66.43,77.28,170.9,0,111.32
01-09-2025,Central India,680.75,1569.85,82.65,72.62,146.38,0,109.0
01-09-2025,East US,847.91,1468.98,63.71,72.7,207.42,0,109.48
02-01-2025,Central India,924.38,1993.7,59.6,63.87,191.3,0,103.63
02-01-2025,East US,1069.42,1845.73,54.2,63.98,261.11,0,110.71
02-01-2025,West Europe,709.13,1442.82,59.88,96.95,212.97,0,113.4
02-02-2025,West Europe,789.08,1856.76,55.48,72.57,257.37,1,99.63
02-02-2025,East US,1208.1,2137.51,51.02,67.37,298.74,1,107.62
02-02-2025,Central India,1034.46,2236.47,60.11,48.96,214.37,1,103.19
02-03-2025,East US,1261.09,2388.04,92.85,88.29,323.13,1,112.41
02-03-2025,West Europe,868.78,2008.93,60.99,79.4,280.5,1,107.15
02-03-2025,Central India,1065.67,2395.01,74.45,68.02,225.77,1,105.12
02-04-2025,East US,1337.74,2453.97,60.9,40.41,337.06,0,100.39
02-04-2025,Central India,1052.56,2421.21,74.12,69.91,226.01,0,114.53
02-04-2025,West Europe,932.85,2023.13,50.5,68.83,290.31,0,109.42
02-05-2025,East US,1274.55,2382.06,54.68,81.48,324.31,0,99.03
02-05-2025,Central India,1074.18,2417.53,64.3,52.97,227.76,0,102.25
02-05-2025,West Europe,855.41,1794.26,58.99,55.52,261.27,0,112.74
02-06-2025,East US,1122.96,2139.08,75.19,65.2,288.64,0,97.15
02-06-2025,West Europe,790.47,1878.48,73.43,91.01,259.32,0,102.85
02-06-2025,Central India,1009.39,2197.29,73.41,85.18,209.99,0,98.66
02-07-2025,Central India,946.29,1937.72,62.43,73.99,190.25,0,98.19
02-07-2025,West Europe,629.3,1666.74,56.42,85.02,220.34,0,96.13
02-07-2025,East US,1066.81,1831.41,72.93,65.67,259.76,0,102.52
02-08-2025,Central India,865.1,1591.88,54.85,70.59,164.21,1,105.34
02-08-2025,West Europe,653.85,1403.41,85.61,64.04,202.3,1,109.37
02-08-2025,East US,840.28,1593.89,67.79,57.45,215.5,1,109.0
02-09-2025,East US,817.17,1540.82,60.15,81.3,208.91,0,100.38
02-09-2025,West Europe,544.48,1377.97,56.75,64.33,185.44,0,98.26
02-09-2025,Central India,727.61,1487.9,71.55,81.84,146.17,0,97.84
03-01-2025,Central India,885.91,2138.4,64.98,63.3,195.67,0,113.79
03-01-2025,West Europe,705.63,1613.23,73.88,78.1,226.32,0,97.38
03-01-2025,East US,1072.11,1894.7,55.67,81.46,264.95,0,108.71
03-02-2025,West Europe,826.9,1869.7,84.12,85.04,263.53,0,112.9
03-02-2025,East US,1105.47,2219.99,48.96,63.91,292.37,0,103.93
03-02-2025,Central India,1043.9,2241.97,73.35,59.29,215.52,0,100.81
03-03-2025,East US,1286.35,2357.96,64.02,66.22,323.99,0,107.51
03-03-2025,West Europe,837.04,1934.74,76.03,81.49,270.18,0,101.05
03-03-2025,Central India,1002.39,2429.26,58.63,66.45,221.92,0,111.13
03-04-2025,East US,1375.68,2490.52,73.06,69.56,344.25,0,108.87
03-04-2025,West Europe,866.51,1831.82,56.8,67.0,265.82,0,106.76
03-04-2025,Central India,1049.9,2516.94,55.47,78.49,230.95,0,103.14
03-05-2025,West Europe,826.68,1943.12,64.36,71.16,269.46,1,104.67
03-05-2025,East US,1223.14,2285.47,80.91,50.34,311.19,1,103.33
03-05-2025,Central India,1071.5,2287.12,68.7,69.18,220.46,1,103.79
03-06-2025,East US,1177.91,2192.72,63.21,69.79,299.09,0,100.4
03-06-2025,West Europe,801.89,1762.86,72.88,47.3,251.48,0,105.82
03-06-2025,Central India,1036.87,2266.85,80.77,58.51,216.24,0,96.72
03-07-2025,East US,1025.81,1860.53,50.0,80.07,256.94,0,112.5
03-07-2025,Central India,879.86,1904.08,70.29,66.08,182.44,0,104.23
03-07-2025,West Europe,694.02,1547.44,55.26,84.07,219.42,0,113.45
03-08-2025,Central India,726.68,1645.44,56.21,59.96,154.62,1,112.58
03-08-2025,East US,920.16,1556.06,59.82,77.65,222.36,1,103.5
03-08-2025,West Europe,555.14,1357.55,77.22,80.98,185.23,1,98.72
03-09-2025,West Europe,591.13,1104.67,64.05,65.43,169.57,0,104.14
03-09-2025,East US,775.56,1487.72,85.25,69.09,200.09,0,103.46
03-09-2025,Central India,725.67,1601.07,48.54,60.24,152.13,0,95.28
04-01-2025,Central India,948.63,2030.84,78.95,60.55,195.5,1,113.17
04-01-2025,West Europe,717.42,1569.04,69.3,60.72,224.33,1,108.94
04-01-2025,East US,1043.65,1957.84,62.27,66.21,266.08,1,114.89
04-02-2025,East US,1090.42,2302.02,66.78,62.48,296.46,0,109.39
04-02-2025,Central India,1053.23,2257.39,76.16,63.31,217.2,0,105.87
04-02-2025,West Europe,819.82,1846.85,64.55,65.41,260.72,0,111.86
04-03-2025,West Europe,856.26,1892.04,74.72,81.77,269.32,0,104.99
04-03-2025,Central India,1101.21,2402.35,71.14,52.15,229.38,0,110.26
04-03-2025,East US,1291.86,2331.18,50.79,73.86,322.72,0,107.35
04-04-2025,East US,1283.77,2475.8,54.86,80.29,332.16,0,114.59
04-04-2025,Central India,1106.16,2572.48,65.36,72.03,239.03,0,105.18
04-04-2025,West Europe,948.63,2081.05,69.79,64.33,297.15,0,100.55
04-05-2025,West Europe,848.64,1950.51,65.49,63.89,273.03,1,112.43
04-05-2025,East US,1224.63,2480.93,38.77,78.33,325.44,1,108.82
04-05-2025,Central India,1035.0,2356.33,70.46,72.95,220.91,1,98.57
04-06-2025,West Europe,757.21,1744.51,65.33,64.94,243.95,0,113.61
04-06-2025,Central India,970.88,2053.97,53.19,80.34,198.76,0,112.23
04-06-2025,East US,1094.76,2184.89,84.17,84.42,288.55,0,102.01
04-07-2025,East US,1114.69,1953.35,68.29,79.84,274.28,0,110.97
04-07-2025,West Europe,683.37,1611.01,90.75,95.5,223.13,0,111.6
04-07-2025,Central India,901.44,1888.5,80.84,80.42,183.54,0,106.14
04-08-2025,East US,825.66,1808.89,57.42,57.7,229.22,0,111.33
04-08-2025,West Europe,600.62,1370.69,61.07,98.0,192.44,0,95.09
04-08-2025,Central India,731.71,1728.53,65.9,66.12,159.57,0,96.83
04-09-2025,East US,798.47,1530.42,59.91,46.52,205.92,0,103.93
04-09-2025,West Europe,602.73,1266.27,86.16,53.83,184.26,0,103.6
04-09-2025,Central India,678.22,1494.7,57.24,62.56,142.09,0,101.77
05-01-2025,Central India,881.03,2021.97,64.98,76.1,188.92,1,95.27
05-01-2025,East US,1177.83,2012.17,68.03,90.32,286.09,1,113.26
05-01-2025,West Europe,704.09,1686.69,72.18,56.28,232.08,1,108.84
05-02-2025,Central India,1076.47,2238.35,50.12,51.17,218.27,0,104.14
05-02-2025,East US,1279.39,2166.86,58.06,75.53,309.4,0,107.18
05-02-2025,West Europe,739.37,1801.11,59.93,71.76,246.13,0,99.53
05-03-2025,Central India,1023.1,2325.05,69.17,63.4,218.14,0,100.1
05-03-2025,West Europe,851.47,2084.87,55.24,61.12,284.32,0,106.35
05-03-2025,East US,1302.73,2403.25,78.7,83.06,329.22,0,104.3
05-04-2025,Central India,1079.89,2524.92,74.9,88.27,234.09,1,112.7
05-04-2025,West Europe,911.49,1956.64,76.24,66.33,282.03,1,98.89
05-04-2025,East US,1358.49,2338.47,52.09,69.89,331.24,1,112.98
05-05-2025,Central India,1047.45,2390.67,58.84,77.31,223.89,0,104.41
05-05-2025,West Europe,817.69,1912.17,70.97,71.45,265.74,0,95.3
05-05-2025,East US,1278.28,2318.79,61.49,88.57,320.2,0,104.57
05-06-2025,Central India,927.76,2015.45,73.7,51.36,192.79,0,107.77
05-06-2025,East US,1102.39,2162.28,58.44,77.45,287.84,0,104.92
05-06-2025,West Europe,764.96,1727.32,69.22,86.24,243.61,0,109.26
05-07-2025,West Europe,701.45,1510.85,69.49,75.85,217.45,1,106.94
05-07-2025,East US,982.55,1828.5,66.05,77.94,249.45,1,111.01
05-07-2025,Central India,911.47,1964.84,65.59,85.24,188.58,1,112.88
05-08-2025,West Europe,559.54,1289.43,77.48,59.24,180.29,0,95.45
05-08-2025,East US,901.61,1569.36,65.89,88.58,221.09,0,107.92
05-08-2025,Central India,699.04,1633.5,79.9,71.01,151.48,0,102.22
05-09-2025,Central India,595.52,1595.26,52.03,63.77,140.07,0,108.7
05-09-2025,East US,784.55,1505.11,82.67,74.21,202.42,0,114.52
05-09-2025,West Europe,584.46,1233.82,78.73,71.69,179.15,0,112.54
06-01-2025,East US,1062.19,2060.88,69.33,68.36,275.72,0,101.87
06-01-2025,Central India,946.48,2000.3,71.98,82.25,193.65,0,114.53
06-01-2025,West Europe,719.51,1627.86,61.94,86.56,229.39,0,109.09
06-02-2025,Central India,1018.93,2154.2,72.45,54.31,208.52,0,110.77
06-02-2025,East US,1202.25,2142.72,85.3,57.44,298.41,0,102.38
06-02-2025,West Europe,787.44,1794.11,77.29,50.16,252.06,0,109.48
06-03-2025,West Europe,954.59,1961.62,65.05,61.42,288.26,0,104.14
06-03-2025,Central India,1030.57,2337.21,59.04,90.79,219.48,0,100.63
06-03-2025,East US,1253.05,2339.94,64.49,64.73,318.7,0,107.48
06-04-2025,Central India,1079.84,2494.67,59.66,53.55,232.44,1,113.5
06-04-2025,West Europe,909.45,1987.25,55.89,63.37,284.24,1,111.54
06-04-2025,East US,1326.0,2425.96,74.31,69.49,333.64,1,99.7
06-05-2025,West Europe,812.3,1966.0,73.37,85.09,269.37,0,112.3
06-05-2025,East US,1238.51,2342.52,50.75,56.27,317.14,0,111.0
06-05-2025,Central India,1075.86,2393.81,68.54,63.56,226.63,0,111.86
06-06-2025,Central India,988.54,2264.41,86.48,68.04,211.74,0,99.04
06-06-2025,West Europe,740.24,1763.13,60.58,64.52,243.17,0,114.17
06-06-2025,East US,1112.63,2056.1,84.18,59.13,281.43,0,103.74
06-07-2025,Central India,833.1,1966.8,61.31,68.59,181.61,1,107.5
06-07-2025,West Europe,754.3,1517.48,56.15,75.48,225.14,1,107.2
06-07-2025,East US,1044.48,1873.99,77.93,47.59,260.15,1,103.4
06-08-2025,Central India,724.98,1716.66,41.05,59.18,158.32,0,100.66
06-08-2025,East US,870.33,1747.31,67.84,63.92,230.14,0,97.32
06-08-2025,West Europe,608.48,1402.29,61.05,50.46,196.07,0,97.37
06-09-2025,Central India,604.89,1520.76,68.37,62.3,136.88,1,95.07
06-09-2025,East US,794.67,1477.61,60.26,75.56,201.66,1,104.07
06-09-2025,West Europe,548.6,1272.82,78.62,83.64,177.47,1,98.6
07-01-2025,Central India,911.46,2112.78,57.79,62.59,196.58,0,100.07
07-01-2025,East US,1089.26,1993.71,73.08,70.88,274.14,0,96.94
07-01-2025,West Europe,718.04,1697.15,75.41,55.59,234.81,0,106.96
07-02-2025,West Europe,753.32,1832.43,76.5,77.97,250.56,0,95.04
07-02-2025,Central India,1071.92,2273.73,71.68,64.5,219.77,0,96.71
07-02-2025,East US,1146.96,2154.36,52.55,74.36,292.62,0,114.35
07-03-2025,Central India,1049.18,2400.24,55.01,62.16,224.57,0,112.1
07-03-2025,West Europe,862.29,2007.26,78.64,61.58,279.48,0,106.84
07-03-2025,East US,1312.01,2224.55,63.94,70.53,317.47,0,107.86
07-04-2025,East US,1271.69,2314.36,61.33,77.07,319.1,0,104.49
07-04-2025,West Europe,886.04,1894.04,62.26,75.02,273.51,0,101.86
07-04-2025,Central India,1110.65,2494.92,63.39,71.1,235.24,0,96.02
07-05-2025,Central India,1055.71,2355.88,62.36,54.45,222.75,0,107.91
07-05-2025,East US,1219.1,2339.3,56.03,75.19,314.58,0,99.66
07-05-2025,West Europe,888.81,1970.81,69.36,80.88,280.11,0,100.21
07-06-2025,Central India,944.97,2214.32,49.32,75.93,205.1,1,113.09
07-06-2025,West Europe,790.59,1924.32,58.63,59.65,263.06,1,108.4
07-06-2025,East US,1255.25,2029.85,55.93,89.63,296.65,1,104.55
07-07-2025,Central India,852.65,1859.49,64.45,71.15,177.57,0,101.97
07-07-2025,West Europe,703.45,1605.96,66.25,75.31,225.44,0,97.28
07-07-2025,East US,1063.42,1855.6,62.18,77.35,261.1,0,105.04
07-08-2025,East US,935.94,1557.55,59.63,81.17,224.36,0,111.35
07-08-2025,Central India,726.43,1713.87,89.37,98.0,158.3,0,95.3
07-08-2025,West Europe,676.79,1294.91,54.1,84.29,196.6,0,97.28
07-09-2025,Central India,714.21,1393.18,71.79,75.71,139.84,1,99.91
07-09-2025,East US,773.96,1535.4,64.17,66.71,203.33,1,110.46
07-09-2025,West Europe,582.81,1210.26,64.4,80.47,177.02,1,109.5
08-01-2025,Central India,881.79,2161.53,63.67,70.74,196.55,0,97.91
08-01-2025,West Europe,631.48,1541.68,71.37,67.08,210.49,0,109.15
08-01-2025,East US,1099.39,1946.52,74.19,55.65,271.95,0,98.29
08-02-2025,East US,1238.8,2242.1,62.94,98.0,309.95,1,110.86
08-02-2025,West Europe,754.41,1981.78,67.47,69.05,262.83,1,107.86
08-02-2025,Central India,1055.82,2249.25,65.99,83.4,216.99,1,95.81
08-03-2025,Central India,1045.53,2460.96,70.51,79.72,227.52,1,113.14
08-03-2025,West Europe,943.76,1929.99,63.91,65.17,284.23,1,96.74
08-03-2025,East US,1309.56,2403.45,63.18,62.76,330.05,1,104.98
08-04-2025,Central India,1101.44,2537.66,60.36,69.29,236.72,0,102.51
08-04-2025,East US,1259.86,2573.6,56.38,87.5,336.33,0,107.39
08-04-2025,West Europe,899.26,2161.63,57.66,73.52,297.01,0,110.01
08-05-2025,Central India,1071.93,2447.97,63.13,58.47,229.2,0,102.5
08-05-2025,East US,1328.9,2214.37,54.01,71.9,318.76,0,95.94
08-05-2025,West Europe,842.1,2002.54,61.47,57.38,276.37,0,102.34
08-06-2025,Central India,1045.83,2120.46,81.99,63.19,209.12,1,113.34
08-06-2025,West Europe,809.86,1834.53,65.76,54.92,258.38,1,112.93
08-06-2025,East US,1111.22,2056.64,85.46,59.33,281.3,1,101.02
08-07-2025,East US,979.13,1917.32,70.37,52.36,255.43,0,109.42
08-07-2025,West Europe,708.24,1464.1,52.13,72.5,214.58,0,101.46
08-07-2025,Central India,845.52,1946.34,73.95,87.77,181.63,0,110.87
08-08-2025,East US,884.9,1601.74,74.33,75.67,221.42,0,104.57
08-08-2025,West Europe,646.69,1440.73,56.36,87.85,204.36,0,107.33
08-08-2025,Central India,808.25,1829.28,64.36,69.13,171.93,0,112.27
08-09-2025,West Europe,491.36,1129.21,65.72,75.1,158.07,0,98.55
08-09-2025,Central India,681.42,1526.95,76.01,53.4,144.12,0,111.61
08-09-2025,East US,824.65,1436.7,64.57,69.26,202.31,0,107.76
09-01-2025,East US,1086.87,2130.31,67.38,93.96,283.68,0,95.87
09-01-2025,West Europe,767.44,1578.76,74.85,58.97,231.89,0,103.77
09-01-2025,Central India,946.74,1997.21,81.57,46.36,193.51,0,96.01
09-02-2025,Central India,1107.33,2288.44,75.59,80.86,223.76,1,108.5
09-02-2025,West Europe,855.43,1909.34,71.59,50.26,270.61,1,107.69
09-02-2025,East US,1197.77,2156.26,56.62,60.81,298.85,1,110.22
09-03-2025,West Europe,842.32,1982.95,63.42,84.35,274.81,1,106.61
09-03-2025,Central India,1151.52,2471.9,54.24,52.87,237.68,1,102.97
09-03-2025,East US,1243.88,2339.1,63.15,66.66,317.54,1,95.01
09-04-2025,Central India,1119.58,2444.24,72.52,62.61,233.3,0,108.44
09-04-2025,East US,1322.0,2410.73,60.47,66.69,332.06,0,114.96
09-04-2025,West Europe,946.66,1919.69,50.56,69.65,283.79,0,112.64
09-05-2025,East US,1310.73,2343.35,58.87,57.76,325.86,0,110.55
09-05-2025,Central India,1100.31,2481.05,57.33,62.63,233.55,0,101.16
09-05-2025,West Europe,853.91,1943.41,61.03,69.13,273.17,0,110.65
09-06-2025,Central India,1032.88,2035.09,81.51,44.24,203.33,0,102.47
09-06-2025,West Europe,806.29,1767.87,63.09,62.03,252.49,0,108.41
09-06-2025,East US,1172.39,2110.34,51.24,61.93,292.5,0,102.81
09-07-2025,West Europe,799.0,1559.79,61.01,49.61,234.62,0,98.01
09-07-2025,Central India,867.71,1789.97,71.87,73.64,175.16,0,114.5
09-07-2025,East US,1029.96,2036.86,52.12,85.31,270.13,0,114.24
09-08-2025,East US,938.65,1601.47,75.81,74.44,227.84,1,108.92
09-08-2025,Central India,764.85,1670.68,65.89,44.84,159.43,1,113.27
09-08-2025,West Europe,528.84,1396.85,70.35,71.43,184.86,1,108.45
09-09-2025,East US,774.13,1536.93,67.88,75.73,203.46,0,109.65
09-09-2025,West Europe,569.99,1187.11,75.6,71.1,173.41,0,111.13
09-09-2025,Central India,673.0,1603.21,81.74,88.4,147.49,0,113.25
10-01-2025,East US,1111.72,1904.43,65.0,57.4,270.4,0,97.76
10-01-2025,West Europe,738.47,1735.61,60.45,58.24,240.7,0,105.92
10-01-2025,Central India,867.79,2020.43,36.91,82.63,187.65,0,105.64
10-02-2025,Central India,993.95,2320.1,55.76,66.2,215.25,0,112.23
10-02-2025,West Europe,789.77,1792.99,68.48,89.03,252.29,0,96.69
10-02-2025,East US,1220.05,2283.02,65.82,65.02,310.65,0,101.74
10-03-2025,West Europe,848.9,1892.93,68.46,60.22,268.4,0,104.07
10-03-2025,East US,1351.0,2373.18,49.58,60.15,332.84,0,103.57
10-03-2025,Central India,1065.9,2484.65,65.69,62.71,230.64,0,111.54
10-04-2025,Central India,1049.57,2552.36,52.82,73.59,232.84,0,113.49
10-04-2025,West Europe,887.15,1856.75,64.34,80.28,270.63,0,96.18
10-04-2025,East US,1328.2,2398.07,63.88,77.93,331.9,0,102.76
10-05-2025,Central India,1081.98,2415.49,61.94,56.85,228.35,1,112.27
10-05-2025,East US,1213.85,2446.29,51.46,59.46,321.65,1,105.64
10-05-2025,West Europe,874.62,1874.57,68.69,73.41,270.38,1,113.93
10-06-2025,Central India,964.27,2194.67,73.03,71.73,205.78,0,110.3
10-06-2025,East US,1176.37,2138.29,67.99,83.53,294.99,0,110.71
10-06-2025,West Europe,803.45,1687.0,63.41,59.57,245.54,0,107.91
10-07-2025,Central India,816.03,1900.03,73.13,50.34,176.46,0,96.2
10-07-2025,West Europe,690.5,1606.13,79.12,76.92,223.7,0,108.68
10-07-2025,East US,1080.83,1890.01,55.6,80.17,265.66,0,110.81
10-08-2025,Central India,766.27,1547.19,82.47,50.3,152.87,1,108.9
10-08-2025,East US,888.77,1606.4,47.87,55.16,222.21,1,95.82
10-08-2025,West Europe,620.53,1402.12,62.48,73.23,197.69,1,101.33
10-09-2025,East US,812.75,1434.36,67.56,53.31,200.71,0,109.93
10-09-2025,Central India,669.93,1536.77,82.77,72.96,143.62,0,100.97
10-09-2025,West Europe,539.7,1358.83,50.59,66.39,183.24,0,106.98
11-01-2025,West Europe,754.77,1640.46,58.3,66.72,235.18,1,99.17
11-01-2025,Central India,952.98,2042.36,62.77,88.13,196.52,1,113.27
11-01-2025,East US,1141.5,2002.53,64.68,77.8,281.04,1,104.22
11-02-2025,Central India,1054.12,2291.34,74.88,65.73,219.12,0,114.84
11-02-2025,West Europe,775.67,1813.29,70.02,66.02,252.03,0,99.41
11-02-2025,East US,1207.21,2241.35,73.16,64.84,306.11,0,103.12
11-03-2025,West Europe,913.95,2021.34,75.63,67.76,287.61,0,95.54
11-03-2025,East US,1320.38,2366.81,65.12,67.87,328.71,0,110.58
11-03-2025,Central India,1082.82,2488.55,76.86,55.3,232.38,0,109.82
11-04-2025,Central India,1067.17,2429.63,66.77,45.96,227.78,0,111.74
11-04-2025,West Europe,923.84,2079.22,64.54,61.98,293.65,0,96.44
11-04-2025,East US,1274.43,2202.12,51.14,78.95,311.35,0,114.72
11-05-2025,East US,1316.7,2139.69,57.2,65.12,311.92,1,99.38
11-05-2025,Central India,1055.0,2288.72,46.24,89.35,219.06,1,99.84
11-05-2025,West Europe,839.37,1821.3,55.57,92.2,261.29,1,110.44
11-06-2025,Central India,984.28,2248.48,58.63,85.5,210.5,0,110.57
11-06-2025,West Europe,769.86,1759.63,61.32,78.47,246.89,0,100.99
11-06-2025,East US,1131.77,2012.68,60.8,58.52,280.6,0,105.1
11-07-2025,West Europe,696.63,1569.04,76.75,65.81,221.52,0,107.09
11-07-2025,Central India,819.46,1982.97,65.28,73.55,181.26,0,113.97
11-07-2025,East US,1002.6,1745.05,63.67,54.73,245.85,0,106.41
11-08-2025,Central India,768.89,1657.31,54.43,98.0,159.07,0,107.64
11-08-2025,East US,818.98,1579.48,57.84,48.63,211.91,0,97.83
11-08-2025,West Europe,632.81,1339.52,60.31,74.67,194.27,0,103.11
11-09-2025,West Europe,546.96,1380.13,65.27,74.52,185.95,0,111.01
11-09-2025,East US,797.42,1433.29,46.5,78.9,198.8,0,109.57
11-09-2025,Central India,670.97,1402.26,59.35,78.61,136.43,0,109.56
12-01-2025,East US,1048.24,2099.25,76.31,75.98,276.81,1,108.41
12-01-2025,Central India,958.27,1997.15,67.79,80.02,194.55,1,111.57
12-01-2025,West Europe,751.55,1517.53,50.14,56.3,224.77,1,95.74
12-02-2025,East US,1298.29,2295.93,66.54,72.01,320.96,0,110.36
12-02-2025,West Europe,896.82,1959.07,79.83,73.84,280.24,0,99.45
12-02-2025,Central India,919.59,2442.77,58.98,45.46,215.18,0,111.15
12-03-2025,East US,1316.48,2220.38,70.44,78.38,317.7,0,101.71
12-03-2025,West Europe,892.98,1905.18,62.63,61.82,275.35,0,97.02
12-03-2025,Central India,1085.75,2471.06,58.55,76.41,231.7,0,99.66
12-04-2025,East US,1346.63,2417.09,64.98,72.93,335.48,1,113.01
12-04-2025,West Europe,867.78,2063.38,55.71,68.2,284.78,1,105.08
12-04-2025,Central India,1114.68,2440.92,70.87,72.82,232.68,1,109.91
12-05-2025,Central India,1034.72,2388.24,62.67,53.91,222.61,0,107.94
12-05-2025,West Europe,902.21,1918.52,72.93,89.54,277.68,0,110.76
12-05-2025,East US,1274.75,2342.14,64.69,61.74,321.46,0,96.14
12-06-2025,West Europe,703.81,1655.67,68.75,55.23,229.52,0,110.44
12-06-2025,Central India,923.44,2087.07,55.84,59.85,196.27,0,102.84
12-06-2025,East US,1113.44,2130.82,49.03,61.43,286.9,0,114.68
12-07-2025,Central India,806.89,2001.38,57.73,94.43,181.12,1,114.12
12-07-2025,West Europe,639.89,1528.25,51.63,63.31,210.54,1,114.94
12-07-2025,East US,1013.29,1918.49,62.67,82.99,259.61,1,98.2
12-08-2025,Central India,723.11,1718.77,65.82,83.36,158.27,0,101.57
12-08-2025,West Europe,620.89,1489.05,65.97,69.78,204.79,0,95.78
12-08-2025,East US,846.37,1710.01,65.5,82.82,224.59,0,112.25
12-09-2025,West Europe,541.77,1285.66,67.01,53.76,177.59,0,110.67
12-09-2025,Central India,655.94,1406.63,79.08,53.85,135.31,0,98.97
12-09-2025,East US,775.8,1435.88,71.9,63.99,196.39,0,109.71
13-01-2025,Central India,922.98,2194.88,68.81,67.81,202.07,0,98.15
13-01-2025,East US,1072.27,2160.09,53.66,77.33,284.07,0,108.2
13-01-2025,West Europe,765.76,1779.26,74.42,61.33,247.93,0,100.83
13-02-2025,West Europe,790.08,1808.39,72.09,69.48,253.58,0,98.38
13-02-2025,Central India,1065.81,2416.49,49.04,73.84,226.95,0,96.47
13-02-2025,East US,1191.59,2176.52,67.7,84.93,299.57,0,99.96
13-03-2025,East US,1326.9,2402.25,66.76,64.05,332.04,0,101.87
13-03-2025,West Europe,908.27,2101.7,69.76,84.76,293.36,0,108.5
13-03-2025,Central India,1162.23,2509.58,75.91,67.16,240.68,0,106.8
13-04-2025,West Europe,898.04,1991.43,48.47,68.59,283.03,1,96.59
13-04-2025,Central India,1085.87,2351.37,76.27,60.01,225.23,1,96.78
13-04-2025,East US,1270.58,2437.79,78.39,65.72,327.85,1,108.15
13-05-2025,East US,1294.82,2261.5,86.21,73.27,318.06,0,99.15
13-05-2025,Central India,1069.44,2334.56,74.06,94.82,222.84,0,101.05
13-05-2025,West Europe,886.69,1862.92,72.93,55.28,271.07,0,99.48
13-06-2025,East US,1135.06,2043.48,44.65,70.25,283.21,0,111.37
13-06-2025,Central India,1004.76,2141.8,65.23,79.77,206.57,0,98.42
13-06-2025,West Europe,702.72,1638.7,65.87,80.12,228.0,0,114.99
13-07-2025,Central India,793.73,1997.29,59.99,44.64,179.71,1,101.54
13-07-2025,East US,1021.76,1926.14,63.27,60.12,261.18,1,102.59
13-07-2025,West Europe,679.2,1606.14,48.76,78.95,222.18,1,107.77
13-08-2025,East US,867.91,1587.79,56.52,64.03,218.37,0,110.03
13-08-2025,West Europe,584.57,1244.25,64.89,67.24,180.01,0,112.91
13-08-2025,Central India,744.59,1672.64,75.89,62.8,157.71,0,106.55
13-09-2025,West Europe,584.34,1259.74,81.13,70.27,181.24,1,97.76
13-09-2025,East US,840.91,1510.09,56.98,87.6,209.54,1,110.54
13-09-2025,Central India,686.61,1532.67,58.77,76.58,144.9,1,98.45
14-01-2025,Central India,965.68,2185.48,53.6,76.11,205.41,0,113.52
14-01-2025,West Europe,730.67,1637.16,69.63,57.81,231.65,0,112.26
14-01-2025,East US,1179.79,2051.53,66.03,68.23,289.16,0,108.74
14-02-2025,West Europe,845.09,1848.5,64.81,61.5,264.28,0,98.69
14-02-2025,East US,1285.18,2227.91,67.66,74.95,314.49,0,108.38
14-02-2025,Central India,1038.34,2262.96,55.16,84.84,216.16,0,98.72
14-03-2025,West Europe,854.94,2057.6,59.26,70.96,282.57,0,104.01
14-03-2025,East US,1326.7,2359.39,72.56,91.1,328.93,0,114.81
14-03-2025,Central India,1102.07,2394.06,71.39,77.31,229.0,0,109.05
14-04-2025,East US,1234.33,2465.02,55.37,50.47,325.46,0,114.52
14-04-2025,West Europe,947.4,2081.05,81.19,53.41,296.98,0,100.22
14-04-2025,Central India,1111.78,2408.44,56.63,59.95,230.66,0,98.16
14-05-2025,Central India,1110.29,2393.49,61.38,58.03,229.71,0,112.46
14-05-2025,East US,1263.55,2241.89,57.91,59.92,312.9,0,96.52
14-05-2025,West Europe,816.14,1928.58,66.19,67.83,266.86,0,109.22
14-06-2025,East US,1066.08,2040.42,65.32,83.18,274.72,1,111.6
14-06-2025,Central India,973.06,2076.15,57.77,67.28,200.16,1,113.47
14-06-2025,West Europe,794.24,1625.49,65.41,56.38,239.3,1,95.86
14-07-2025,West Europe,654.87,1460.53,56.45,67.35,207.07,0,103.37
14-07-2025,East US,1002.81,1734.87,62.49,55.38,245.14,0,108.22
14-07-2025,Central India,886.54,1839.4,67.81,79.35,179.54,0,99.43
14-08-2025,West Europe,582.62,1259.76,60.93,73.31,181.01,0,99.6
14-08-2025,Central India,780.34,1745.68,53.51,73.66,164.89,0,95.25
14-08-2025,East US,840.72,1646.01,63.08,60.52,219.3,0,99.47
14-09-2025,West Europe,624.09,1265.12,75.0,35.0,187.05,1,114.62
14-09-2025,Central India,650.54,1576.56,79.82,44.61,144.02,1,96.14
14-09-2025,East US,885.58,1432.3,42.67,82.49,209.3,1,97.84
15-01-2025,East US,1116.85,2181.56,54.95,61.1,290.96,0,95.96
15-01-2025,West Europe,703.02,1756.37,72.22,76.68,237.59,0,99.3
15-01-2025,Central India,996.36,2106.95,76.94,55.27,203.93,0,99.09
15-02-2025,East US,1254.03,2219.66,68.09,50.57,310.16,1,95.27
15-02-2025,Central India,1001.69,2430.78,59.31,70.78,221.94,1,111.06
15-02-2025,West Europe,896.93,1937.39,73.3,73.74,278.5,1,112.06
15-03-2025,East US,1339.73,2451.74,72.35,79.36,337.14,1,96.5
15-03-2025,Central India,1106.82,2483.12,70.29,58.46,234.25,1,98.84
15-03-2025,West Europe,956.78,1967.2,83.0,46.78,289.01,1,97.74
15-04-2025,East US,1298.88,2481.0,80.37,47.27,334.35,0,104.37
15-04-2025,West Europe,929.23,1759.51,46.44,75.89,268.43,0,98.47
15-04-2025,Central India,1094.08,2469.64,66.45,79.1,232.37,0,98.93
15-05-2025,East US,1217.31,2401.39,45.88,65.94,318.84,0,112.35
15-05-2025,West Europe,827.3,2035.07,91.98,82.44,277.01,0,111.71
15-05-2025,Central India,1007.64,2236.19,49.16,93.62,211.94,0,98.26
15-06-2025,West Europe,761.99,1827.04,57.7,64.24,251.3,1,112.57
15-06-2025,East US,1099.83,1939.27,60.69,80.39,271.49,1,112.51
15-06-2025,Central India,959.3,2149.78,55.98,69.34,202.9,1,112.41
15-07-2025,West Europe,640.12,1530.27,71.67,71.77,210.74,0,104.89
15-07-2025,Central India,837.23,1850.13,65.18,69.84,175.67,0,115.0
15-07-2025,East US,1028.03,1892.49,54.84,65.06,259.51,0,114.14
15-08-2025,East US,847.51,1496.81,76.94,67.56,209.38,0,113.46
15-08-2025,West Europe,595.15,1361.78,60.82,81.22,190.98,0,95.13
15-08-2025,Central India,751.61,1548.15,78.13,62.32,151.6,0,112.87
15-09-2025,East US,872.13,1401.74,57.82,68.01,205.49,0,100.58
15-09-2025,Central India,717.59,1486.88,70.15,75.97,145.22,0,106.39
15-09-2025,West Europe,492.36,1248.08,64.34,59.28,167.85,0,110.21
16-01-2025,Central India,957.37,2053.43,77.67,63.25,197.51,0,105.32
16-01-2025,East US,1186.88,2146.12,61.36,82.98,296.81,0,106.03
16-01-2025,West Europe,756.53,1804.22,78.98,83.59,248.71,0,113.11
16-02-2025,West Europe,838.78,1936.78,80.32,78.97,270.58,1,100.18
16-02-2025,Central India,1017.0,2343.37,73.85,82.68,218.59,1,112.06
16-02-2025,East US,1276.7,2142.14,73.64,57.08,307.3,1,110.2
16-03-2025,West Europe,869.24,2003.49,71.73,81.63,280.12,1,106.64
16-03-2025,East US,1228.18,2293.07,91.01,62.65,312.34,1,95.86
16-03-2025,Central India,1152.39,2362.17,66.14,70.48,231.82,1,102.0
16-04-2025,Central India,1057.52,2532.1,61.44,49.66,232.46,0,101.35
16-04-2025,East US,1344.35,2359.82,57.91,84.45,331.08,0,104.61
16-04-2025,West Europe,934.75,1711.54,53.49,60.08,265.29,0,106.18
16-05-2025,East US,1249.54,2246.06,50.85,71.33,311.52,0,112.66
16-05-2025,Central India,1065.94,2306.23,75.3,57.41,220.99,0,101.8
16-05-2025,West Europe,844.51,2026.87,81.61,90.82,278.67,0,112.01
16-06-2025,West Europe,751.8,1789.37,67.85,72.9,246.86,0,97.21
16-06-2025,East US,1121.39,1943.34,65.46,80.33,274.36,0,101.53
16-06-2025,Central India,909.16,2134.11,74.35,89.75,197.53,0,105.44
16-07-2025,Central India,837.1,1923.33,60.47,75.43,179.62,0,101.8
16-07-2025,East US,1071.26,1847.58,63.38,75.36,261.46,0,109.16
16-07-2025,West Europe,617.23,1586.69,75.95,66.53,212.22,0,104.5
16-08-2025,West Europe,606.46,1332.58,50.35,66.74,190.14,1,110.31
16-08-2025,Central India,666.97,1655.17,61.61,79.84,149.76,1,95.68
16-08-2025,East US,933.84,1546.13,63.41,52.45,223.28,1,102.53
16-09-2025,East US,804.21,1491.46,53.17,73.06,203.8,0,104.77
16-09-2025,Central India,639.81,1493.56,85.9,58.34,138.56,0,100.6
16-09-2025,West Europe,534.49,1200.1,60.43,76.16,169.66,0,108.04
17-01-2025,East US,1166.5,2145.14,54.53,85.51,294.3,0,103.25
17-01-2025,West Europe,807.81,1762.31,63.26,80.4,252.24,0,108.23
17-01-2025,Central India,1004.72,2272.19,79.76,76.12,213.62,0,104.14
17-02-2025,Central India,1039.94,2399.36,47.25,61.39,223.69,0,109.13
17-02-2025,West Europe,921.27,1940.9,58.19,68.25,282.08,0,109.03
17-02-2025,East US,1187.85,2194.55,56.6,83.79,300.42,0,102.6
17-03-2025,West Europe,874.81,1972.4,67.51,64.95,278.35,0,108.79
17-03-2025,Central India,1113.41,2405.37,68.09,70.34,230.64,0,97.02
17-03-2025,East US,1310.22,2432.02,54.9,60.26,332.18,0,114.61
17-04-2025,Central India,1040.66,2478.29,61.24,83.2,228.02,0,107.86
17-04-2025,West Europe,836.09,1887.95,68.06,58.33,266.26,0,112.83
17-04-2025,East US,1379.84,2337.34,68.58,70.25,333.72,0,111.82
17-05-2025,Central India,1135.99,2380.04,42.65,57.23,231.31,1,111.7
17-05-2025,West Europe,799.07,1744.43,52.1,57.44,249.61,1,96.13
17-05-2025,East US,1194.8,2285.94,54.05,45.66,307.83,1,102.94
17-06-2025,East US,1103.55,1993.97,59.63,76.47,275.87,0,103.97
17-06-2025,Central India,984.21,2197.82,65.66,60.72,207.75,0,104.72
17-06-2025,West Europe,795.95,1616.34,54.05,74.93,238.79,0,98.58
17-07-2025,Central India,772.23,1857.06,61.45,94.42,170.18,0,95.23
17-07-2025,East US,1022.03,1921.29,69.0,92.5,260.86,0,96.62
17-07-2025,West Europe,685.24,1417.78,64.1,58.1,207.71,0,114.67
17-08-2025,East US,781.96,1664.35,72.41,62.3,213.57,1,96.66
17-08-2025,West Europe,591.68,1317.78,60.33,81.43,186.94,1,111.96
17-08-2025,Central India,786.8,1590.7,78.42,80.34,157.08,1,97.49
17-09-2025,East US,797.63,1408.92,95.0,71.07,197.07,0,105.32
17-09-2025,West Europe,593.42,1199.36,73.9,59.79,177.57,0,109.21
17-09-2025,Central India,670.36,1467.09,53.68,90.47,139.88,0,97.26
18-01-2025,West Europe,761.61,1755.82,64.02,43.7,245.47,1,99.43
18-01-2025,East US,1100.78,2037.76,77.98,60.1,278.69,1,113.28
18-01-2025,Central India,981.28,2098.51,44.45,85.44,202.11,1,95.85
18-02-2025,East US,1213.07,2394.35,66.85,58.07,317.82,0,98.65
18-02-2025,Central India,1044.25,2479.55,70.54,73.08,228.42,0,104.94
18-02-2025,West Europe,951.97,1911.93,54.55,74.81,283.88,0,96.82
18-03-2025,Central India,1088.79,2478.79,59.97,44.88,232.39,0,96.95
18-03-2025,West Europe,946.43,2070.94,61.66,78.32,296.03,0,105.99
18-03-2025,East US,1377.84,2297.46,65.34,67.36,330.61,0,97.32
18-04-2025,Central India,1025.61,2440.9,58.27,65.38,224.64,0,98.77
18-04-2025,West Europe,933.2,2127.71,67.9,70.89,298.85,0,103.89
18-04-2025,East US,1236.06,2306.62,61.73,96.56,314.26,0,103.37
18-05-2025,Central India,1097.96,2352.94,61.29,62.04,226.41,1,108.72
18-05-2025,West Europe,803.54,1995.92,65.42,57.76,270.62,1,106.62
18-05-2025,East US,1218.46,2311.7,74.09,51.37,312.52,1,115.0
18-06-2025,West Europe,813.38,1693.37,80.49,69.84,247.4,0,109.53
18-06-2025,Central India,810.87,2159.93,69.72,82.9,190.06,0,114.15
18-06-2025,East US,1138.78,2003.51,67.35,72.32,280.78,0,100.67
18-07-2025,West Europe,573.94,1527.71,67.89,85.35,201.58,0,95.2
18-07-2025,Central India,778.07,1785.51,61.04,54.77,166.84,0,109.12
18-07-2025,East US,997.76,1782.62,65.86,35.0,247.97,0,104.54
18-08-2025,West Europe,657.6,1312.14,75.23,62.53,195.4,0,114.0
18-08-2025,Central India,684.75,1600.34,70.3,67.06,148.4,0,104.53
18-08-2025,East US,892.06,1572.62,67.72,67.14,220.18,0,108.88
18-09-2025,Central India,677.12,1508.33,76.98,69.39,142.73,0,108.98
18-09-2025,East US,783.4,1523.87,67.49,88.48,203.64,0,103.78
18-09-2025,West Europe,566.65,1121.08,65.83,88.13,167.6,0,113.78
19-01-2025,East US,1101.21,2185.39,71.66,63.54,289.36,1,110.21
19-01-2025,West Europe,765.03,1713.09,50.44,55.34,242.46,1,104.64
19-01-2025,Central India,994.99,2061.78,62.3,75.85,201.36,1,106.21
19-02-2025,West Europe,900.76,1772.31,53.36,70.08,265.62,0,96.9
19-02-2025,Central India,1057.62,2370.36,64.19,82.54,223.71,0,98.7
19-02-2025,East US,1278.97,2283.96,85.57,59.56,317.78,0,100.72
19-03-2025,West Europe,855.25,1871.31,76.39,55.12,267.5,0,109.74
19-03-2025,Central India,1023.21,2412.5,81.68,82.79,222.89,0,98.91
19-03-2025,East US,1251.69,2324.03,60.62,58.03,317.39,0,113.68
19-04-2025,Central India,1125.31,2416.29,56.72,73.33,232.3,1,106.69
19-04-2025,East US,1315.34,2400.98,68.59,83.61,330.57,1,102.1
19-04-2025,West Europe,986.72,2051.98,66.27,58.71,299.94,1,101.07
19-05-2025,East US,1222.46,2267.3,63.69,76.41,309.8,0,105.6
19-05-2025,West Europe,874.71,1839.38,57.43,54.68,267.54,0,110.2
19-05-2025,Central India,1018.34,2326.17,45.25,48.66,217.78,0,109.35
19-06-2025,West Europe,724.29,1709.15,72.07,61.34,236.63,0,98.83
19-06-2025,Central India,999.3,2178.02,62.11,78.1,208.04,0,113.98
19-06-2025,East US,987.3,1994.67,70.08,65.64,261.98,0,96.14
19-07-2025,Central India,750.65,1796.68,61.78,68.58,164.97,1,107.92
19-07-2025,East US,995.74,1886.41,77.3,84.86,255.2,1,105.66
19-07-2025,West Europe,653.34,1399.96,59.62,43.18,201.95,1,102.13
19-08-2025,West Europe,562.4,1295.44,84.51,42.11,181.17,0,107.91
19-08-2025,East US,831.81,1593.67,56.45,66.06,214.47,0,113.2
19-08-2025,Central India,743.82,1610.58,66.2,77.3,154.28,0,106.53
19-09-2025,Central India,657.09,1406.64,69.65,69.72,135.42,0,97.92
19-09-2025,West Europe,513.02,1137.77,56.8,53.03,161.7,0,108.78
19-09-2025,East US,858.58,1334.9,76.53,54.07,199.05,0,97.41
20-01-2025,West Europe,739.66,1695.01,64.39,79.18,237.56,0,110.49
20-01-2025,Central India,940.66,2224.43,71.03,92.64,205.26,0,101.55
20-01-2025,East US,1088.86,2054.03,72.79,75.76,278.43,0,102.37
20-02-2025,Central India,1057.94,2407.57,66.81,64.39,225.75,0,107.22
20-02-2025,East US,1316.6,2357.97,59.49,81.3,327.62,0,100.62
20-02-2025,West Europe,873.0,1866.54,85.81,65.46,269.51,0,112.02
20-03-2025,Central India,1086.92,2494.76,71.26,61.5,233.09,0,100.2
20-03-2025,East US,1317.19,2403.98,63.04,62.17,331.0,0,101.79
20-03-2025,West Europe,995.73,2073.65,72.53,77.01,302.92,0,96.2
20-04-2025,Central India,1168.4,2380.06,75.39,87.71,234.23,1,98.68
20-04-2025,East US,1283.82,2453.98,56.47,54.94,330.6,1,110.28
20-04-2025,West Europe,934.2,1945.87,52.11,67.63,284.23,1,98.46
20-05-2025,West Europe,869.23,1891.27,69.68,56.01,271.01,0,108.45
20-05-2025,Central India,951.27,2363.61,66.47,85.02,213.75,0,114.55
20-05-2025,East US,1302.08,2338.9,75.12,76.92,324.51,0,107.39
20-06-2025,West Europe,717.52,1696.3,62.68,89.07,234.67,0,108.51
20-06-2025,Central India,950.48,2151.07,68.16,50.4,202.18,0,95.9
20-06-2025,East US,1124.88,2029.76,70.84,67.07,281.0,0,108.57
20-07-2025,West Europe,631.62,1381.41,71.15,70.13,197.51,1,98.26
20-07-2025,East US,940.97,1966.92,65.97,47.64,254.42,1,106.49
20-07-2025,Central India,916.77,1899.33,65.15,77.1,185.51,1,97.41
20-08-2025,Central India,707.88,1533.16,60.49,53.84,146.85,0,100.14
20-08-2025,West Europe,609.51,1220.05,62.73,64.83,181.42,0,113.93
20-08-2025,East US,847.6,1617.91,61.89,92.04,218.1,0,111.03
20-09-2025,Central India,666.05,1447.82,71.15,63.56,138.45,1,100.25
20-09-2025,West Europe,406.09,1189.2,58.14,70.03,151.41,1,113.42
20-09-2025,East US,806.33,1431.65,74.34,67.47,199.75,1,101.26
21-01-2025,West Europe,760.78,1704.84,71.11,68.88,241.22,0,108.08
21-01-2025,East US,1065.02,2032.35,72.21,55.32,274.01,0,102.81
21-01-2025,Central India,980.8,2040.34,57.91,62.27,198.92,0,108.79
21-02-2025,East US,1237.35,2171.62,74.45,72.64,304.7,0,114.97
21-02-2025,Central India,1072.41,2395.52,66.64,91.27,226.41,0,108.82
21-02-2025,West Europe,877.9,1908.29,64.27,63.52,273.56,0,108.12
21-03-2025,West Europe,885.31,1919.75,48.62,65.75,275.5,0,110.27
21-03-2025,East US,1333.38,2394.45,70.16,49.13,332.26,0,96.66
21-03-2025,Central India,1086.63,2527.85,62.84,63.11,234.85,0,107.9
21-04-2025,East US,1344.42,2423.76,86.76,69.87,335.69,0,105.6
21-04-2025,Central India,1089.78,2351.54,71.72,62.0,225.59,0,102.87
21-04-2025,West Europe,772.17,1929.56,56.26,42.68,260.99,0,102.18
21-05-2025,West Europe,878.07,1973.15,65.0,47.75,278.85,0,105.11
21-05-2025,East US,1267.06,2224.73,60.35,76.05,312.09,0,95.02
21-05-2025,Central India,1048.19,2348.63,51.7,48.22,221.68,0,110.82
21-06-2025,East US,1083.82,2104.27,62.28,62.59,281.44,1,103.5
21-06-2025,Central India,924.61,2108.71,67.21,81.55,197.55,1,104.42
21-06-2025,West Europe,748.57,1608.66,78.75,53.61,231.76,1,101.0
21-07-2025,West Europe,620.64,1394.25,91.43,76.16,197.06,0,111.7
21-07-2025,East US,963.31,1711.6,74.06,62.13,238.73,0,113.9
21-07-2025,Central India,813.99,1913.26,78.71,52.65,176.99,0,109.76
21-08-2025,West Europe,549.58,1180.94,66.65,83.01,170.14,0,109.56
21-08-2025,East US,927.56,1500.2,73.52,89.31,219.22,0,104.77
21-08-2025,Central India,691.17,1588.93,75.49,65.1,148.36,0,109.14
21-09-2025,Central India,687.26,1483.26,54.01,80.54,142.28,1,100.58
21-09-2025,East US,798.95,1565.36,60.97,66.64,208.49,1,101.8
21-09-2025,West Europe,583.28,1227.2,60.82,75.33,178.46,1,98.73
22-01-2025,Central India,991.34,2032.11,60.51,43.53,199.42,0,110.93
22-01-2025,West Europe,839.82,1741.57,68.12,83.59,254.89,0,99.66
22-01-2025,East US,1099.07,2199.13,53.63,63.57,290.1,0,114.75
22-02-2025,East US,1226.71,2285.5,65.91,85.86,311.62,1,109.65
22-02-2025,West Europe,760.91,1981.03,38.96,86.97,263.64,1,98.6
22-02-2025,Central India,1072.13,2317.62,72.59,70.19,222.17,1,106.57
22-03-2025,East US,1252.6,2484.52,78.52,73.09,329.05,1,114.11
22-03-2025,Central India,1230.87,2580.62,59.11,68.09,250.72,1,109.86
22-03-2025,West Europe,850.2,1867.03,85.17,86.35,266.47,1,105.12
22-04-2025,East US,1281.88,2371.47,54.69,93.54,324.43,0,110.62
22-04-2025,West Europe,903.07,2049.63,81.72,62.41,288.44,0,104.95
22-04-2025,Central India,1089.92,2434.74,62.25,81.27,230.11,0,106.11
22-05-2025,Central India,1008.09,2357.44,65.6,68.86,218.54,0,112.31
22-05-2025,West Europe,882.43,1870.42,49.83,84.01,271.1,0,97.21
22-05-2025,East US,1177.07,2113.54,58.5,94.21,293.29,0,114.43
22-06-2025,East US,1085.29,2094.38,71.83,69.89,280.9,1,112.18
22-06-2025,Central India,922.96,2153.23,71.78,73.11,199.81,1,105.45
22-06-2025,West Europe,826.26,1605.39,71.3,64.32,242.0,1,108.88
22-07-2025,Central India,798.52,1804.57,73.47,71.18,169.71,0,106.5
22-07-2025,West Europe,670.81,1470.91,72.38,61.29,210.07,0,100.96
22-07-2025,East US,941.61,1706.52,59.39,60.44,235.76,0,112.9
22-08-2025,West Europe,568.97,1260.6,43.54,79.56,179.23,0,114.98
22-08-2025,East US,807.26,1633.77,50.12,59.26,214.41,0,104.07
22-08-2025,Central India,681.55,1646.92,58.33,69.5,150.63,0,95.84
22-09-2025,East US,890.15,1510.31,76.25,92.41,215.46,0,99.97
22-09-2025,West Europe,527.22,1299.13,65.28,73.46,176.71,0,103.17
22-09-2025,Central India,682.03,1540.71,53.69,84.87,144.92,0,111.9
23-01-2025,East US,1153.99,2079.63,57.29,71.33,288.08,0,112.85
23-01-2025,West Europe,843.13,1763.82,47.3,59.94,257.14,0,114.76
23-01-2025,Central India,994.19,2104.33,71.85,58.33,203.59,0,114.87
23-02-2025,West Europe,855.82,1900.75,80.37,67.91,269.97,1,110.58
23-02-2025,Central India,1091.33,2382.74,62.44,69.49,227.42,1,113.59
23-02-2025,East US,1318.01,2397.53,65.79,81.6,330.64,1,98.9
23-03-2025,West Europe,950.55,1966.13,75.06,72.11,288.08,1,109.39
23-03-2025,Central India,1140.74,2487.83,67.54,59.97,237.57,1,108.33
23-03-2025,East US,1284.97,2410.4,49.21,63.34,327.6,1,110.56
23-04-2025,East US,1252.63,2345.72,70.81,65.28,319.07,0,103.39
23-04-2025,Central India,1065.13,2442.91,57.65,64.7,228.32,0,108.43
23-04-2025,West Europe,875.76,1882.16,50.87,62.36,271.15,0,107.63
23-05-2025,Central India,984.87,2330.59,63.1,58.37,215.0,0,110.76
23-05-2025,East US,1210.4,2210.03,80.72,83.01,304.24,0,96.13
23-05-2025,West Europe,828.0,1866.22,62.22,76.4,263.4,0,104.52
23-06-2025,Central India,862.23,1924.65,53.62,98.0,181.96,0,103.67
23-06-2025,East US,1123.82,2079.18,68.81,89.84,284.43,0,107.01
23-06-2025,West Europe,774.79,1684.28,66.42,39.98,241.44,0,114.4
23-07-2025,West Europe,663.48,1466.35,72.33,84.99,208.71,0,104.87
23-07-2025,Central India,787.95,1806.3,53.76,84.38,168.85,0,113.41
23-07-2025,East US,931.28,1788.1,74.97,82.63,240.39,0,105.49
23-08-2025,West Europe,575.66,1291.43,53.0,60.63,182.64,1,113.65
23-08-2025,East US,813.34,1418.36,68.41,83.41,199.63,1,113.91
23-08-2025,Central India,706.83,1453.01,68.32,84.46,142.41,1,109.17
23-09-2025,Central India,672.14,1524.61,77.77,83.74,143.16,0,106.89
23-09-2025,West Europe,570.85,1359.25,54.6,50.17,187.49,0,107.72
23-09-2025,East US,772.95,1525.33,73.2,89.82,202.49,0,98.58
24-01-2025,East US,1167.52,2056.37,67.99,63.22,288.03,0,112.63
24-01-2025,Central India,972.85,2157.3,55.25,77.45,204.53,0,104.41
24-01-2025,West Europe,833.03,1778.13,66.73,68.58,256.93,0,95.56
24-02-2025,East US,1235.05,2262.74,62.15,95.09,310.99,0,109.27
24-02-2025,West Europe,845.57,1903.4,57.6,70.15,268.8,0,107.51
24-02-2025,Central India,1023.47,2515.57,71.86,55.26,228.49,0,100.58
24-03-2025,Central India,1090.85,2494.36,58.16,62.62,233.42,0,106.97
24-03-2025,East US,1327.8,2488.04,53.05,68.26,338.32,0,101.87
24-03-2025,West Europe,959.99,2009.85,76.42,60.02,292.91,0,98.36
24-04-2025,West Europe,837.96,1922.62,60.24,98.0,269.32,0,107.89
24-04-2025,Central India,1069.4,2441.36,69.04,76.38,228.62,0,110.76
24-04-2025,East US,1242.29,2426.33,74.6,45.94,323.63,0,106.39
24-05-2025,East US,1266.65,2313.51,69.22,78.81,318.43,1,114.17
24-05-2025,West Europe,892.42,1998.57,61.39,75.28,282.85,1,104.39
24-05-2025,Central India,1025.0,2273.01,62.32,90.61,215.5,1,96.72
24-06-2025,West Europe,793.09,1650.33,60.16,74.31,241.16,0,101.34
24-06-2025,Central India,845.33,2106.8,52.09,71.49,190.29,0,109.27
24-06-2025,East US,1015.27,1994.28,75.4,67.6,265.3,0,105.18
24-07-2025,Central India,837.13,1826.75,88.57,77.89,174.4,0,103.79
24-07-2025,East US,1020.58,1667.95,54.35,57.58,242.45,0,100.19
24-07-2025,West Europe,633.38,1435.39,65.18,75.89,202.12,0,105.72
24-08-2025,West Europe,603.69,1331.64,59.26,84.4,189.69,1,109.73
24-08-2025,East US,850.45,1519.93,74.95,69.07,211.39,1,100.95
24-08-2025,Central India,711.45,1635.15,74.88,59.59,152.69,1,95.41
24-09-2025,Central India,608.03,1422.55,65.8,47.73,131.85,0,96.97
24-09-2025,West Europe,617.5,1275.3,58.04,79.63,186.99,0,104.35
24-09-2025,East US,817.9,1397.09,60.67,61.29,198.65,0,95.15
25-01-2025,East US,1117.48,2186.73,66.62,80.0,291.4,1,102.19
25-01-2025,Central India,1011.47,2162.4,68.09,67.26,208.29,1,114.78
25-01-2025,West Europe,786.94,1783.33,63.87,66.1,251.12,1,113.6
25-02-2025,Central India,1026.83,2384.16,68.5,81.53,221.68,0,104.39
25-02-2025,West Europe,885.69,1966.42,37.45,75.07,279.33,0,105.91
25-02-2025,East US,1266.8,2449.16,61.66,53.24,328.21,0,113.25
25-03-2025,Central India,1132.74,2548.68,74.6,62.77,240.14,0,105.8
25-03-2025,West Europe,889.54,2000.46,90.33,61.33,282.62,0,103.24
25-03-2025,East US,1424.94,2402.89,65.88,66.88,343.85,0,100.95
25-04-2025,East US,1279.97,2301.77,47.07,87.45,319.18,0,110.85
25-04-2025,West Europe,919.32,1987.8,54.03,56.97,285.62,0,113.22
25-04-2025,Central India,1041.92,2442.28,64.09,54.2,226.19,0,102.1
25-05-2025,Central India,982.04,2354.01,69.73,70.91,216.01,1,112.42
25-05-2025,East US,1192.08,2183.8,67.7,50.13,300.15,1,96.36
25-05-2025,West Europe,782.11,1801.23,58.68,77.06,251.92,1,99.41
25-06-2025,West Europe,778.59,1638.75,57.62,81.48,238.26,0,110.71
25-06-2025,Central India,930.23,2099.7,65.13,87.93,197.57,0,112.01
25-06-2025,East US,1110.31,1918.1,63.3,62.96,271.22,0,104.31
25-07-2025,East US,924.84,1804.92,57.71,88.1,240.83,0,103.21
25-07-2025,West Europe,657.59,1402.38,58.55,93.48,202.72,0,95.44
25-07-2025,Central India,818.38,1784.91,70.22,81.47,170.44,0,100.39
25-08-2025,Central India,727.01,1674.22,78.14,63.51,156.21,0,110.98
25-08-2025,West Europe,617.14,1324.1,56.37,77.9,190.9,0,107.2
25-08-2025,East US,801.12,1552.07,73.21,74.33,207.79,0,106.21
25-09-2025,East US,784.82,1332.18,63.15,60.93,190.01,0,95.68
25-09-2025,West Europe,558.11,1242.95,59.57,57.58,176.33,0,114.66
25-09-2025,Central India,701.66,1392.16,53.68,71.72,138.65,0,114.44
26-01-2025,West Europe,795.27,1630.39,63.97,59.8,239.84,1,101.84
26-01-2025,Central India,975.18,2183.81,74.3,50.29,206.18,1,111.03
26-01-2025,East US,1147.24,2173.64,61.58,77.07,294.04,1,106.62
26-02-2025,East US,1274.16,2369.19,69.08,79.69,323.34,0,104.59
26-02-2025,Central India,965.37,2249.42,55.83,65.49,208.84,0,98.41
26-02-2025,West Europe,902.12,2015.79,45.69,54.69,285.56,0,104.08
26-03-2025,East US,1378.99,2504.58,85.85,66.5,345.66,0,106.87
26-03-2025,West Europe,928.44,2032.59,69.55,70.09,290.48,0,107.37
26-03-2025,Central India,1077.23,2450.24,69.03,75.32,229.8,0,100.5
26-04-2025,Central India,1020.47,2386.07,72.95,62.18,221.21,1,98.83
26-04-2025,East US,1313.98,2397.86,54.07,66.25,330.18,1,105.14
26-04-2025,West Europe,934.58,1985.97,59.92,78.2,287.53,1,100.2
26-05-2025,East US,1237.75,2165.39,71.75,53.97,304.3,0,96.86
26-05-2025,West Europe,825.94,1985.93,75.18,64.95,272.84,0,108.85
26-05-2025,Central India,1020.76,2329.76,52.58,62.31,218.19,0,99.93
26-06-2025,Central India,912.86,2084.34,55.18,64.95,195.17,0,101.08
26-06-2025,East US,1070.82,2044.28,72.15,78.49,275.56,0,97.61
26-06-2025,West Europe,771.42,1654.98,60.92,60.99,238.61,0,95.38
26-07-2025,West Europe,609.89,1463.49,59.7,73.56,201.23,1,98.13
26-07-2025,Central India,806.82,1674.75,62.22,76.44,163.43,1,95.5
26-07-2025,East US,876.66,1696.93,85.57,78.67,227.28,1,96.98
26-08-2025,Central India,793.91,1464.95,56.6,59.15,150.91,0,99.83
26-08-2025,East US,862.15,1634.16,70.87,81.28,221.02,0,113.46
26-08-2025,West Europe,564.35,1335.66,44.32,63.95,184.7,0,108.41
26-09-2025,West Europe,599.76,1136.18,61.15,67.38,173.3,0,113.88
26-09-2025,East US,831.92,1437.29,63.58,65.99,203.23,0,106.71
26-09-2025,Central India,729.09,1451.36,50.79,87.42,144.33,0,96.44
27-01-2025,East US,1195.87,2140.31,48.22,74.01,297.48,0,107.94
27-01-2025,West Europe,767.12,1765.83,62.21,62.45,247.02,0,113.86
27-01-2025,Central India,950.82,2144.59,60.77,78.02,201.86,0,107.1
27-02-2025,Central India,942.01,2462.69,65.33,72.37,218.28,0,99.61
27-02-2025,West Europe,889.25,1876.08,52.85,79.16,272.48,0,108.02
27-02-2025,East US,1231.28,2316.52,45.24,49.05,314.4,0,104.44
27-03-2025,East US,1292.57,2471.14,55.12,57.88,332.88,0,104.04
27-03-2025,West Europe,892.35,1997.64,73.99,78.69,282.77,0,110.84
27-03-2025,Central India,1021.28,2463.13,64.14,84.67,225.45,0,106.07
27-04-2025,West Europe,861.55,1975.6,66.29,88.48,276.81,1,106.56
27-04-2025,Central India,1131.86,2463.16,95.0,54.44,235.43,1,108.23
27-04-2025,East US,1251.65,2375.74,51.18,76.34,321.11,1,101.62
27-05-2025,West Europe,770.37,1843.7,65.43,55.48,253.78,0,112.88
27-05-2025,Central India,1009.27,2324.0,68.0,61.54,216.84,0,108.16
27-05-2025,East US,1186.3,2171.46,60.11,98.0,298.57,0,96.67
27-06-2025,East US,995.97,2092.02,69.32,82.91,270.02,0,96.35
27-06-2025,West Europe,710.39,1659.07,69.94,78.19,230.69,0,103.64
27-06-2025,Central India,934.43,1980.14,41.38,73.01,191.48,0,109.25
27-07-2025,Central India,774.96,1753.21,63.53,57.57,164.81,1,109.11
27-07-2025,West Europe,671.08,1396.66,57.43,64.68,204.08,1,101.05
27-07-2025,East US,956.85,1723.71,59.67,65.95,238.82,1,101.72
27-08-2025,East US,881.79,1361.92,58.82,70.76,203.78,0,99.26
27-08-2025,Central India,730.19,1572.37,66.78,84.3,150.98,0,114.13
27-08-2025,West Europe,513.09,1203.89,64.88,83.03,167.07,0,110.18
27-09-2025,Central India,596.79,1417.29,76.07,78.68,130.55,1,111.48
27-09-2025,West Europe,561.01,1336.43,80.72,59.2,184.31,1,109.18
27-09-2025,East US,811.11,1551.59,62.46,85.0,208.95,1,99.92
28-01-2025,East US,1260.61,2102.43,49.68,70.74,302.51,0,109.69
28-01-2025,Central India,917.0,2163.61,65.47,69.29,199.84,0,113.41
28-01-2025,West Europe,761.77,1635.86,65.26,92.42,235.75,0,108.33
28-02-2025,East US,1300.73,2308.25,55.71,90.59,322.14,0,111.91
28-02-2025,Central India,1074.66,2406.53,49.07,70.89,227.21,0,100.98
28-02-2025,West Europe,879.11,1935.37,63.48,57.22,275.92,0,104.29
28-03-2025,East US,1312.14,2404.67,93.88,73.66,330.45,0,97.13
28-03-2025,Central India,1119.15,2475.28,71.71,64.29,234.94,0,97.49
28-03-2025,West Europe,920.15,2026.18,68.52,71.59,288.84,0,95.72
28-04-2025,West Europe,860.76,1986.55,85.54,55.63,277.6,0,109.84
28-04-2025,East US,1265.76,2302.74,62.3,65.51,317.55,0,107.16
28-04-2025,Central India,1063.61,2362.94,52.23,74.71,223.85,0,109.27
28-05-2025,West Europe,840.4,1828.23,63.27,98.0,262.0,0,99.68
28-05-2025,East US,1155.16,2202.49,64.56,67.51,297.07,0,102.77
28-05-2025,Central India,938.89,2154.06,72.44,58.27,201.29,0,101.5
28-06-2025,Central India,947.17,1876.34,65.46,82.51,187.01,1,108.51
28-06-2025,East US,1136.34,1987.86,68.57,59.13,279.36,1,106.31
28-06-2025,West Europe,788.57,1558.18,57.58,95.84,233.07,1,95.04
28-07-2025,West Europe,660.24,1251.11,64.7,57.35,190.8,0,104.86
28-07-2025,East US,919.09,1725.11,71.46,65.67,234.4,0,103.98
28-07-2025,Central India,792.66,1700.06,74.97,68.14,163.53,0,113.69
28-08-2025,Central India,710.54,1508.63,69.17,74.83,145.76,0,108.74
28-08-2025,East US,925.04,1665.85,72.6,79.18,230.84,0,103.01
28-08-2025,West Europe,626.01,1250.47,63.55,63.75,186.12,0,107.18
28-09-2025,Central India,708.63,1534.7,59.59,76.95,147.0,1,114.43
28-09-2025,East US,795.5,1529.23,41.13,78.24,205.47,1,101.35
28-09-2025,West Europe,518.91,1110.25,64.22,78.17,160.26,1,102.53
29-01-2025,East US,1189.01,2170.17,73.64,51.27,298.8,0,96.7
29-01-2025,West Europe,769.22,1758.77,68.86,67.57,246.73,0,113.25
29-01-2025,Central India,1053.63,2201.7,61.66,55.27,214.22,0,113.81
29-03-2025,Central India,1112.75,2562.33,61.28,80.61,239.08,1,100.36
29-03-2025,West Europe,921.11,2042.25,60.05,61.14,290.28,1,107.68
29-03-2025,East US,1325.52,2331.2,57.24,80.19,326.76,1,96.0
29-04-2025,West Europe,908.35,1989.24,74.76,66.34,284.25,0,99.18
29-04-2025,Central India,1065.2,2391.41,60.02,57.52,225.53,0,105.1
29-04-2025,East US,1257.06,2251.64,59.7,57.7,312.83,0,114.1
29-05-2025,East US,1154.75,2151.3,63.0,82.63,293.33,0,110.62
29-05-2025,Central India,954.08,2301.75,61.26,50.19,210.66,0,113.04
29-05-2025,West Europe,813.52,1817.37,67.39,66.46,257.48,0,109.35
29-06-2025,Central India,923.86,1979.88,73.92,82.07,190.51,1,102.03
29-06-2025,East US,1104.33,2072.55,83.29,79.04,281.62,1,100.41
29-06-2025,West Europe,779.21,1613.9,69.64,57.49,236.33,1,97.96
29-07-2025,West Europe,657.72,1519.91,90.99,68.16,212.27,0,98.03
29-07-2025,Central India,793.39,1840.59,44.7,53.49,171.2,0,112.1
29-07-2025,East US,944.48,1610.7,69.8,69.91,229.21,0,102.89
29-08-2025,West Europe,533.94,1298.16,81.12,78.17,177.54,0,112.44
29-08-2025,Central India,656.08,1468.8,64.73,78.27,138.69,0,105.45
29-08-2025,East US,867.64,1413.39,43.09,59.59,205.79,0,109.78
29-09-2025,East US,796.25,1572.32,57.89,69.8,208.66,0,104.68
29-09-2025,Central India,678.03,1464.82,61.61,61.73,140.45,0,107.22
29-09-2025,West Europe,596.88,1214.9,40.35,43.89,179.3,0,113.63
30-01-2025,Central India,974.86,2316.22,77.68,66.43,213.31,0,110.46
30-01-2025,East US,1219.91,2121.15,70.44,72.98,298.98,0,103.14
30-01-2025,West Europe,864.67,1848.46,59.13,75.07,266.92,0,109.73
30-03-2025,West Europe,905.66,2044.52,64.51,63.39,288.37,1,110.06
30-03-2025,East US,1286.09,2335.53,59.27,65.98,322.35,1,112.24
30-03-2025,Central India,1070.01,2518.61,69.21,77.66,232.85,1,101.43
30-04-2025,Central India,1065.76,2431.39,64.05,80.93,227.75,0,104.86
30-04-2025,West Europe,906.83,1924.03,64.04,81.06,278.75,0,100.17
30-04-2025,East US,1253.19,2495.19,55.03,88.73,329.89,0,110.45
30-05-2025,West Europe,808.79,1792.04,65.49,66.38,254.78,0,99.28
30-05-2025,East US,1291.61,2037.36,53.44,69.62,301.55,0,105.68
30-05-2025,Central India,991.8,2233.41,61.09,79.37,210.36,0,113.65
30-06-2025,West Europe,705.02,1655.14,72.86,59.47,229.64,0,112.03
30-06-2025,East US,1089.78,1808.82,68.65,64.56,260.89,0,106.18
30-06-2025,Central India,900.63,2105.26,71.79,91.03,195.2,0,96.37
30-07-2025,East US,886.2,1680.61,78.05,86.31,227.25,0,99.88
30-07-2025,Central India,742.74,1592.08,70.05,65.06,153.18,0,101.24
30-07-2025,West Europe,662.83,1596.01,73.35,53.02,219.14,0,96.5
30-08-2025,East US,848.17,1537.49,53.38,77.83,212.39,1,95.61
30-08-2025,Central India,707.38,1641.48,67.77,84.44,152.66,1,98.97
30-08-2025,West Europe,691.08,1316.57,74.27,67.16,200.29,1,96.1
30-09-2025,Central India,691.94,1513.23,60.11,66.27,144.33,0,99.86
30-09-2025,East US,793.67,1511.75,57.65,86.5,204.0,0,104.64
30-09-2025,West Europe,502.3,1180.9,56.92,70.93,163.75,0,112.21
31-01-2025,Central India,990.53,2028.71,88.28,49.55,199.17,0,113.49
31-01-2025,East US,1169.32,2138.89,68.44,72.36,294.19,0,107.07
31-01-2025,West Europe,828.9,1782.98,64.42,73.22,256.77,0,109.18
31-03-2025,Central India,1120.63,2453.85,80.53,74.39,233.91,0,106.21
31-03-2025,West Europe,885.44,2005.92,56.97,79.12,282.5,0,111.32
31-03-2025,East US,1265.96,2457.82,62.92,59.76,328.73,0,96.78
31-05-2025,West Europe,842.29,1825.11,63.79,50.09,262.0,1,113.99
31-05-2025,East US,1163.28,2053.87,58.51,52.36,287.34,1,111.39
31-05-2025,Central India,1019.37,2180.19,67.86,87.39,209.97,1,108.14
31-07-2025,West Europe,644.76,1303.52,75.78,77.68,192.96,0,106.71
31-07-2025,East US,901.68,1736.92,73.31,59.93,233.16,0,97.55
31-07-2025,Central India,797.37,1664.35,56.07,40.57,162.02,0,110.79
31-08-2025,West Europe,551.4,1219.37,70.13,90.59,173.51,1,99.39
31-08-2025,Central India,737.17,1518.58,69.33,65.19,148.7,1,96.99
31-08-2025,East US,816.71,1592.97,73.7,59.11,212.6,1,113.54
