date,actual,forecast,region,service_type,residual,abs_error
2025-01-01,1091.84,911.9913,East US,Storage,179.84872802734367,179.84872802734367
2025-01-01,713.67,911.9913,West Europe,AI/ML,-198.3212719726563,198.3212719726563
2025-01-01,863.93,911.9913,Central India,Networking,-48.0612719726563,48.0612719726563
2025-02-01,988.18,911.9913,Central India,Storage,76.1887280273437,76.1887280273437
2025-02-01,867.93,911.9913,West Europe,Compute,-44.0612719726563,44.0612719726563
2025-02-01,1112.5,911.9913,East US,Compute,200.50872802734375,200.50872802734375
2025-03-01,1309.53,911.9913,East US,Compute,397.5387280273437,397.5387280273437
2025-03-01,938.2,911.9913,West Europe,Database,26.208728027343795,26.208728027343795
2025-03-01,1043.47,911.9913,Central India,Networking,131.47872802734378,131.47872802734378
2025-04-01,898.3,912.77106,West Europe,Networking,-14.471057128906295,14.471057128906295
2025-04-01,1110.49,912.77106,Central India,Compute,197.71894287109376,197.71894287109376
2025-04-01,1324.82,912.77106,East US,AI/ML,412.0489428710937,412.0489428710937
2025-05-01,952.51,923.26636,West Europe,Database,29.24364257812499,29.24364257812499
2025-05-01,1105.54,923.26636,Central India,Compute,182.27364257812496,182.27364257812496
2025-05-01,1252.36,923.26636,East US,Compute,329.0936425781249,329.0936425781249
2025-06-01,837.43,919.20593,West Europe,Compute,-81.77593261718755,81.77593261718755
2025-06-01,1145.37,919.20593,East US,Compute,226.1640673828124,226.1640673828124
2025-06-01,900.06,919.20593,Central India,Storage,-19.145932617187555,19.145932617187555
2025-07-01,1000.94,913.0455,East US,Storage,87.8945288085938,87.8945288085938
2025-07-01,885.76,913.0455,Central India,Compute,-27.28547119140626,27.28547119140626
2025-07-01,795.1,913.0455,West Europe,Networking,-117.94547119140623,117.94547119140623
2025-08-01,793.86,890.04376,Central India,Compute,-96.18376220703124,96.18376220703124
2025-08-01,890.58,890.04376,East US,Compute,0.5362377929687909,0.5362377929687909
2025-08-01,579.96,890.04376,West Europe,Storage,-310.0837622070312,310.0837622070312
2025-09-01,549.11,890.04376,West Europe,Storage,-340.93376220703124,340.93376220703124
2025-09-01,680.75,890.04376,Central India,Networking,-209.29376220703125,209.29376220703125
2025-09-01,847.91,890.04376,East US,Compute,-42.13376220703128,42.13376220703128
2025-01-02,924.38,998.0654,Central India,Storage,-73.6854296875,73.6854296875
2025-01-02,1069.42,998.0654,East US,Storage,71.35457031250007,71.35457031250007
2025-01-02,709.13,998.0654,West Europe,Compute,-288.9354296875,288.9354296875
2025-02-02,789.08,998.0654,West Europe,Networking,-208.98542968749996,208.98542968749996
2025-02-02,1208.1,998.0654,East US,Compute,210.0345703124999,210.0345703124999
2025-02-02,1034.46,998.0654,Central India,Compute,36.394570312500036,36.394570312500036
2025-03-02,1261.09,998.0654,East US,AI/ML,263.0245703124999,263.0245703124999
2025-03-02,868.78,998.0654,West Europe,AI/ML,-129.28542968750003,129.28542968750003
2025-03-02,1065.67,998.0654,Central India,Database,67.60457031250007,67.60457031250007
2025-04-02,1337.74,998.0654,East US,Compute,339.6745703125,339.6745703125
2025-04-02,1052.56,998.0654,Central India,Compute,54.494570312499945,54.494570312499945
2025-04-02,932.85,998.0654,West Europe,Networking,-65.21542968749998,65.21542968749998
2025-05-02,1274.55,1003.2362,East US,Storage,271.31379394531245,271.31379394531245
2025-05-02,1074.18,1003.2362,Central India,Compute,70.94379394531256,70.94379394531256
2025-05-02,855.41,1003.2362,West Europe,Storage,-147.82620605468753,147.82620605468753
2025-06-02,1122.96,1000.9334,East US,Compute,122.02658935546879,122.02658935546879
2025-06-02,790.47,1000.9334,West Europe,Database,-210.46341064453122,210.46341064453122
2025-06-02,1009.39,1000.9334,Central India,Compute,8.456589355468736,8.456589355468736
2025-07-02,946.29,993.62213,Central India,Networking,-47.332131347656286,47.332131347656286
2025-07-02,629.3,993.62213,West Europe,Compute,-364.3221313476563,364.3221313476563
2025-07-02,1066.81,993.62213,East US,Storage,73.1878686523437,73.1878686523437
2025-08-02,865.1,994.1159,Central India,Storage,-129.01590576171873,129.01590576171873
2025-08-02,653.85,994.1159,West Europe,Compute,-340.2659057617187,340.2659057617187
2025-08-02,840.28,994.1159,East US,AI/ML,-153.83590576171878,153.83590576171878
2025-09-02,817.17,994.1159,East US,Networking,-176.9459057617188,176.9459057617188
2025-09-02,544.48,994.1159,West Europe,AI/ML,-449.63590576171873,449.63590576171873
2025-09-02,727.61,994.1159,Central India,Database,-266.50590576171874,266.50590576171874
2025-01-03,885.91,1062.0701,Central India,Storage,-176.16006835937503,176.16006835937503
2025-01-03,705.63,1062.0701,West Europe,AI/ML,-356.440068359375,356.440068359375
2025-01-03,1072.11,1062.0701,East US,Compute,10.0399316406249,10.0399316406249
2025-02-03,826.9,1062.0701,West Europe,Compute,-235.17006835937502,235.17006835937502
2025-02-03,1105.47,1062.0701,East US,Compute,43.39993164062503,43.39993164062503
2025-02-03,1043.9,1062.0701,Central India,Compute,-18.17006835937491,18.17006835937491
2025-03-03,1286.35,1062.0701,East US,Storage,224.2799316406249,224.2799316406249
2025-03-03,837.04,1062.0701,West Europe,Compute,-225.03006835937504,225.03006835937504
2025-03-03,1002.39,1062.0701,Central India,Database,-59.680068359375014,59.680068359375014
2025-04-03,1375.68,1062.0701,East US,Storage,313.60993164062506,313.60993164062506
2025-04-03,866.51,1062.0701,West Europe,Compute,-195.560068359375,195.560068359375
2025-04-03,1049.9,1062.0701,Central India,Storage,-12.170068359374909,12.170068359374909
2025-05-03,826.68,1062.0701,West Europe,Compute,-235.39006835937505,235.39006835937505
2025-05-03,1223.14,1062.0701,East US,Database,161.0699316406251,161.0699316406251
2025-05-03,1071.5,1062.0701,Central India,Compute,9.429931640625,9.429931640625
2025-06-03,1177.91,1060.9688,East US,AI/ML,116.94125000000008,116.94125000000008
2025-06-03,801.89,1060.9688,West Europe,Networking,-259.07875,259.07875
2025-06-03,1036.87,1060.9688,Central India,Compute,-24.09875000000011,24.09875000000011
2025-07-03,1025.81,1065.8718,East US,Compute,-40.061826171875055,40.061826171875055
2025-07-03,879.86,1065.8718,Central India,Database,-186.011826171875,186.011826171875
2025-07-03,694.02,1065.8718,West Europe,Networking,-371.851826171875,371.851826171875
2025-08-03,726.68,1066.3655,Central India,Networking,-339.68547851562505,339.68547851562505
2025-08-03,920.16,1066.3655,East US,Networking,-146.20547851562503,146.20547851562503
2025-08-03,555.14,1066.3655,West Europe,Compute,-511.225478515625,511.225478515625
2025-09-03,591.13,1066.3655,West Europe,Storage,-475.235478515625,475.235478515625
2025-09-03,775.56,1066.3655,East US,Compute,-290.80547851562505,290.80547851562505
2025-09-03,725.67,1066.3655,Central India,Database,-340.69547851562504,340.69547851562504
2025-01-04,948.63,1062.848,Central India,Networking,-114.2180224609375,114.2180224609375
2025-01-04,717.42,1062.848,West Europe,Compute,-345.42802246093754,345.42802246093754
2025-01-04,1043.65,1062.848,East US,Compute,-19.19802246093741,19.19802246093741
2025-02-04,1090.42,1062.848,East US,Compute,27.571977539062573,27.571977539062573
2025-02-04,1053.23,1062.848,Central India,Compute,-9.618022460937482,9.618022460937482
2025-02-04,819.82,1062.848,West Europe,Networking,-243.02802246093745,243.02802246093745
2025-03-04,856.26,1062.848,West Europe,Networking,-206.5880224609375,206.5880224609375
2025-03-04,1101.21,1062.848,Central India,Database,38.361977539062536,38.361977539062536
2025-03-04,1291.86,1062.848,East US,Storage,229.0119775390624,229.0119775390624
2025-04-04,1283.77,1062.848,East US,Compute,220.92197753906248,220.92197753906248
2025-04-04,1106.16,1062.848,Central India,Networking,43.31197753906258,43.31197753906258
2025-04-04,948.63,1062.848,West Europe,Networking,-114.2180224609375,114.2180224609375
2025-05-04,848.64,1062.848,West Europe,Storage,-214.2080224609375,214.2080224609375
2025-05-04,1224.63,1062.848,East US,Networking,161.7819775390626,161.7819775390626
2025-05-04,1035.0,1062.848,Central India,Storage,-27.8480224609375,27.8480224609375
2025-06-04,757.21,1060.9688,West Europe,Storage,-303.75874999999996,303.75874999999996
2025-06-04,970.88,1060.9688,Central India,Storage,-90.08875,90.08875
2025-06-04,1094.76,1060.9688,East US,Compute,33.79124999999999,33.79124999999999
2025-07-04,1114.69,1065.8718,East US,Compute,48.818173828125055,48.818173828125055
2025-07-04,683.37,1065.8718,West Europe,Compute,-382.501826171875,382.501826171875
2025-07-04,901.44,1065.8718,Central India,Networking,-164.43182617187495,164.43182617187495
2025-08-04,825.66,1066.3655,East US,Compute,-240.70547851562503,240.70547851562503
2025-08-04,600.62,1066.3655,West Europe,Storage,-465.745478515625,465.745478515625
2025-08-04,731.71,1066.3655,Central India,Database,-334.65547851562496,334.65547851562496
2025-09-04,798.47,1066.3655,East US,Compute,-267.895478515625,267.895478515625
2025-09-04,602.73,1066.3655,West Europe,Storage,-463.635478515625,463.635478515625
2025-09-04,678.22,1066.3655,Central India,Networking,-388.145478515625,388.145478515625
2025-01-05,881.03,1046.1606,Central India,Compute,-165.13064453125003,165.13064453125003
2025-01-05,1177.83,1046.1606,East US,Compute,131.66935546874993,131.66935546874993
2025-01-05,704.09,1046.1606,West Europe,Compute,-342.07064453124997,342.07064453124997
2025-02-05,1076.47,1046.1606,Central India,Compute,30.309355468750027,30.309355468750027
2025-02-05,1279.39,1046.1606,East US,AI/ML,233.2293554687501,233.2293554687501
2025-02-05,739.37,1046.1606,West Europe,Database,-306.79064453125,306.79064453125
2025-03-05,1023.1,1046.1606,Central India,Networking,-23.060644531249977,23.060644531249977
2025-03-05,851.47,1046.1606,West Europe,Database,-194.69064453124997,194.69064453124997
2025-03-05,1302.73,1046.1606,East US,Database,256.56935546875,256.56935546875
2025-04-05,1079.89,1046.1606,Central India,Compute,33.7293554687501,33.7293554687501
2025-04-05,911.49,1046.1606,West Europe,Database,-134.67064453125,134.67064453125
2025-04-05,1358.49,1046.1606,East US,Storage,312.32935546875,312.32935546875
2025-05-05,1047.45,1046.1606,Central India,Database,1.2893554687500455,1.2893554687500455
2025-05-05,817.69,1046.1606,West Europe,Database,-228.47064453124995,228.47064453124995
2025-05-05,1278.28,1046.1606,East US,Compute,232.11935546874997,232.11935546874997
2025-06-05,927.76,1039.7278,Central India,Compute,-111.96778320312501,111.96778320312501
2025-06-05,1102.39,1039.7278,East US,Compute,62.6622167968751,62.6622167968751
2025-06-05,764.96,1039.7278,West Europe,Storage,-274.76778320312496,274.76778320312496
2025-07-05,701.45,1053.6328,West Europe,Database,-352.18281249999995,352.18281249999995
2025-07-05,982.55,1053.6328,East US,Database,-71.08281250000005,71.08281250000005
2025-07-05,911.47,1053.6328,Central India,Compute,-142.16281249999997,142.16281249999997
2025-08-05,559.54,1054.1265,West Europe,Storage,-494.58646484375004,494.58646484375004
2025-08-05,901.61,1054.1265,East US,Storage,-152.51646484375,152.51646484375
2025-08-05,699.04,1054.1265,Central India,Compute,-355.08646484375004,355.08646484375004
2025-09-05,595.52,1054.1265,Central India,Compute,-458.60646484375,458.60646484375
2025-09-05,784.55,1054.1265,East US,Compute,-269.57646484375005,269.57646484375005
2025-09-05,584.46,1054.1265,West Europe,AI/ML,-469.66646484374996,469.66646484374996
2025-01-06,1062.19,963.3749,East US,Compute,98.81512207031255,98.81512207031255
2025-01-06,946.48,963.3749,Central India,Storage,-16.894877929687482,16.894877929687482
2025-01-06,719.51,963.3749,West Europe,Networking,-243.8648779296875,243.8648779296875
2025-02-06,1018.93,963.3749,Central India,Storage,55.55512207031245,55.55512207031245
2025-02-06,1202.25,963.3749,East US,AI/ML,238.8751220703125,238.8751220703125
2025-02-06,787.44,963.3749,West Europe,AI/ML,-175.93487792968745,175.93487792968745
2025-03-06,954.59,963.3749,West Europe,Compute,-8.784877929687468,8.784877929687468
2025-03-06,1030.57,963.3749,Central India,Storage,67.19512207031244,67.19512207031244
2025-03-06,1253.05,963.3749,East US,Compute,289.67512207031245,289.67512207031245
2025-04-06,1079.84,963.3749,Central India,Compute,116.46512207031242,116.46512207031242
2025-04-06,909.45,963.3749,West Europe,Compute,-53.924877929687455,53.924877929687455
2025-04-06,1326.0,963.3749,East US,Networking,362.6251220703125,362.6251220703125
2025-05-06,812.3,963.3749,West Europe,Storage,-151.07487792968755,151.07487792968755
2025-05-06,1238.51,963.3749,East US,Compute,275.1351220703125,275.1351220703125
2025-05-06,1075.86,963.3749,Central India,Compute,112.4851220703124,112.4851220703124
2025-06-06,988.54,955.0403,Central India,Database,33.499716796874964,33.499716796874964
2025-06-06,740.24,955.0403,West Europe,Compute,-214.800283203125,214.800283203125
2025-06-06,1112.63,955.0403,East US,Compute,157.5897167968751,157.5897167968751
2025-07-06,833.1,988.1411,Central India,Storage,-155.04111328124998,155.04111328124998
2025-07-06,754.3,988.1411,West Europe,AI/ML,-233.84111328125005,233.84111328125005
2025-07-06,1044.48,988.1411,East US,Compute,56.33888671875002,56.33888671875002
2025-08-06,724.98,988.1411,Central India,Networking,-263.16111328125,263.16111328125
2025-08-06,870.33,988.1411,East US,Networking,-117.81111328124996,117.81111328124996
2025-08-06,608.48,988.1411,West Europe,Compute,-379.66111328125,379.66111328125
2025-09-06,604.89,988.1411,Central India,Networking,-383.25111328125,383.25111328125
2025-09-06,794.67,988.1411,East US,Storage,-193.47111328125004,193.47111328125004
2025-09-06,548.6,988.1411,West Europe,Networking,-439.54111328125,439.54111328125
2025-01-07,911.46,898.4752,Central India,Networking,12.984780273437536,12.984780273437536
2025-01-07,1089.26,898.4752,East US,Storage,190.7847802734375,190.7847802734375
2025-01-07,718.04,898.4752,West Europe,Compute,-180.43521972656254,180.43521972656254
2025-02-07,753.32,892.7807,West Europe,Database,-139.4607006835937,139.4607006835937
2025-02-07,1071.92,892.7807,Central India,Compute,179.13929931640632,179.13929931640632
2025-02-07,1146.96,892.7807,East US,Compute,254.1792993164063,254.1792993164063
2025-03-07,1049.18,892.7807,Central India,Compute,156.3992993164063,156.3992993164063
2025-03-07,862.29,892.7807,West Europe,Storage,-30.490700683593786,30.490700683593786
2025-03-07,1312.01,892.7807,East US,Networking,419.22929931640624,419.22929931640624
2025-04-07,1271.69,892.7807,East US,Compute,378.9092993164063,378.9092993164063
2025-04-07,886.04,892.7807,West Europe,Storage,-6.740700683593786,6.740700683593786
2025-04-07,1110.65,892.7807,Central India,Compute,217.86929931640634,217.86929931640634
2025-05-07,1055.71,888.3959,Central India,Networking,167.31412597656254,167.31412597656254
2025-05-07,1219.1,888.3959,East US,Compute,330.7041259765624,330.7041259765624
2025-05-07,888.81,888.3959,West Europe,Networking,0.41412597656244543,0.41412597656244543
2025-06-07,944.97,888.8077,Central India,Storage,56.16232177734378,56.16232177734378
2025-06-07,790.59,888.8077,West Europe,AI/ML,-98.21767822265622,98.21767822265622
2025-06-07,1255.25,888.8077,East US,Compute,366.44232177734375,366.44232177734375
2025-07-07,852.65,870.4226,Central India,Compute,-17.772607421875023,17.772607421875023
2025-07-07,703.45,870.4226,West Europe,Compute,-166.97260742187495,166.97260742187495
2025-07-07,1063.42,870.4226,East US,AI/ML,192.99739257812507,192.99739257812507
2025-08-07,935.94,857.8324,East US,Database,78.10760253906255,78.10760253906255
2025-08-07,726.43,857.8324,Central India,Compute,-131.40239746093755,131.40239746093755
2025-08-07,676.79,857.8324,West Europe,Networking,-181.04239746093754,181.04239746093754
2025-09-07,714.21,857.8324,Central India,Database,-143.62239746093746,143.62239746093746
2025-09-07,773.96,857.8324,East US,Storage,-83.87239746093746,83.87239746093746
2025-09-07,582.81,857.8324,West Europe,Storage,-275.02239746093755,275.02239746093755
2025-01-08,881.79,782.2528,Central India,Compute,99.53719238281246,99.53719238281246
2025-01-08,631.48,782.2528,West Europe,Compute,-150.77280761718748,150.77280761718748
2025-01-08,1099.39,782.2528,East US,Database,317.1371923828126,317.1371923828126
2025-02-08,1238.8,782.2528,East US,Database,456.54719238281245,456.54719238281245
2025-02-08,754.41,782.2528,West Europe,Networking,-27.842807617187532,27.842807617187532
2025-02-08,1055.82,782.2528,Central India,Compute,273.56719238281244,273.56719238281244
2025-03-08,1045.53,764.8268,Central India,Compute,280.7032177734375,280.7032177734375
2025-03-08,943.76,764.8268,West Europe,Networking,178.9332177734375,178.9332177734375
2025-03-08,1309.56,764.8268,East US,Database,544.7332177734374,544.7332177734374
2025-04-08,1101.44,758.66473,Central India,Database,342.7752661132813,342.7752661132813
2025-04-08,1259.86,758.66473,East US,Networking,501.19526611328115,501.19526611328115
2025-04-08,899.26,758.66473,West Europe,Networking,140.59526611328124,140.59526611328124
2025-05-08,1071.93,758.66473,Central India,Compute,313.2652661132813,313.2652661132813
2025-05-08,1328.9,758.66473,East US,Compute,570.2352661132813,570.2352661132813
2025-05-08,842.1,758.66473,West Europe,Database,83.43526611328127,83.43526611328127
2025-06-08,1045.83,764.8814,Central India,Networking,280.9485913085937,280.9485913085937
2025-06-08,809.86,764.8814,West Europe,Compute,44.978591308593764,44.978591308593764
2025-06-08,1111.22,764.8814,East US,Compute,346.3385913085938,346.3385913085938
2025-07-08,979.13,795.2803,East US,Networking,183.8497265625,183.8497265625
2025-07-08,708.24,795.2803,West Europe,Compute,-87.04027343749999,87.04027343749999
2025-07-08,845.52,795.2803,Central India,Compute,50.23972656249998,50.23972656249998
2025-08-08,884.9,801.1823,East US,Storage,83.71768798828123,83.71768798828123
2025-08-08,646.69,801.1823,West Europe,Networking,-154.4923120117187,154.4923120117187
2025-08-08,808.25,801.1823,Central India,Networking,7.06768798828125,7.06768798828125
2025-09-08,491.36,801.1823,West Europe,Compute,-309.82231201171874,309.82231201171874
2025-09-08,681.42,801.1823,Central India,Networking,-119.76231201171879,119.76231201171879
2025-09-08,824.65,801.1823,East US,Compute,23.467687988281227,23.467687988281227
2025-01-09,1086.87,733.0769,East US,Compute,353.7930957031249,353.7930957031249
2025-01-09,767.44,733.0769,West Europe,Networking,34.363095703125055,34.363095703125055
2025-01-09,946.74,733.0769,Central India,Networking,213.663095703125,213.663095703125
2025-02-09,1107.33,733.0769,Central India,Database,374.2530957031249,374.2530957031249
2025-02-09,855.43,733.0769,West Europe,Networking,122.35309570312495,122.35309570312495
2025-02-09,1197.77,733.0769,East US,Storage,464.693095703125,464.693095703125
2025-03-09,842.32,731.37164,West Europe,Compute,110.9483569335938,110.9483569335938
2025-03-09,1151.52,731.37164,Central India,Storage,420.14835693359373,420.14835693359373
2025-03-09,1243.88,731.37164,East US,Compute,512.5083569335939,512.5083569335939
2025-04-09,1119.58,725.2096,Central India,Compute,394.3704052734374,394.3704052734374
2025-04-09,1322.0,725.2096,East US,AI/ML,596.7904052734375,596.7904052734375
2025-04-09,946.66,725.2096,West Europe,Storage,221.45040527343747,221.45040527343747
2025-05-09,1310.73,725.2096,East US,Database,585.5204052734375,585.5204052734375
2025-05-09,1100.31,725.2096,Central India,Networking,375.10040527343745,375.10040527343745
2025-05-09,853.91,725.2096,West Europe,Networking,128.70040527343747,128.70040527343747
2025-06-09,1032.88,718.6546,Central India,Storage,314.22539794921886,314.22539794921886
2025-06-09,806.29,718.6546,West Europe,Storage,87.63539794921871,87.63539794921871
2025-06-09,1172.39,718.6546,East US,Storage,453.73539794921885,453.73539794921885
2025-07-09,799.0,795.2803,West Europe,Compute,3.7197265625,3.7197265625
2025-07-09,867.71,795.2803,Central India,Networking,72.42972656250004,72.42972656250004
2025-07-09,1029.96,795.2803,East US,Compute,234.67972656250004,234.67972656250004
2025-08-09,938.65,751.61755,East US,Compute,187.03244628906248,187.03244628906248
2025-08-09,764.85,751.61755,Central India,Networking,13.232446289062523,13.232446289062523
2025-08-09,528.84,751.61755,West Europe,Compute,-222.77755371093747,222.77755371093747
2025-09-09,774.13,751.61755,East US,AI/ML,22.512446289062495,22.512446289062495
2025-09-09,569.99,751.61755,West Europe,AI/ML,-181.6275537109375,181.6275537109375
2025-09-09,673.0,751.61755,Central India,Database,-78.6175537109375,78.6175537109375
2025-01-10,1111.72,733.0769,East US,Storage,378.643095703125,378.643095703125
2025-01-10,738.47,733.0769,West Europe,Compute,5.393095703125027,5.393095703125027
2025-01-10,867.79,733.0769,Central India,AI/ML,134.71309570312496,134.71309570312496
2025-02-10,993.95,733.0769,Central India,Storage,260.87309570312505,260.87309570312505
2025-02-10,789.77,733.0769,West Europe,AI/ML,56.69309570312498,56.69309570312498
2025-02-10,1220.05,733.0769,East US,AI/ML,486.97309570312495,486.97309570312495
2025-03-10,848.9,731.37164,West Europe,Database,117.52835693359373,117.52835693359373
2025-03-10,1351.0,731.37164,East US,Compute,619.6283569335938,619.6283569335938
2025-03-10,1065.9,731.37164,Central India,Storage,334.52835693359384,334.52835693359384
2025-04-10,1049.57,725.2096,Central India,Database,324.36040527343744,324.36040527343744
2025-04-10,887.15,725.2096,West Europe,Compute,161.94040527343748,161.94040527343748
2025-04-10,1328.2,725.2096,East US,Compute,602.9904052734375,602.9904052734375
2025-05-10,1081.98,725.2096,Central India,Storage,356.7704052734375,356.7704052734375
2025-05-10,1213.85,725.2096,East US,AI/ML,488.6404052734374,488.6404052734374
2025-05-10,874.62,725.2096,West Europe,Networking,149.4104052734375,149.4104052734375
2025-06-10,964.27,718.6546,Central India,Storage,245.61539794921873,245.61539794921873
2025-06-10,1176.37,718.6546,East US,Compute,457.71539794921864,457.71539794921864
2025-06-10,803.45,718.6546,West Europe,Networking,84.7953979492188,84.7953979492188
2025-07-10,816.03,795.2803,Central India,AI/ML,20.749726562499973,20.749726562499973
2025-07-10,690.5,795.2803,West Europe,Compute,-104.7802734375,104.7802734375
2025-07-10,1080.83,795.2803,East US,Storage,285.5497265624999,285.5497265624999
2025-08-10,766.27,751.61755,Central India,Database,14.652446289062482,14.652446289062482
2025-08-10,888.77,751.61755,East US,Networking,137.15244628906248,137.15244628906248
2025-08-10,620.53,751.61755,West Europe,Networking,-131.08755371093753,131.08755371093753
2025-09-10,812.75,751.61755,East US,Networking,61.1324462890625,61.1324462890625
2025-09-10,669.93,751.61755,Central India,Storage,-81.68755371093755,81.68755371093755
2025-09-10,539.7,751.61755,West Europe,Compute,-211.91755371093745,211.91755371093745
2025-01-11,754.77,733.0769,West Europe,Database,21.693095703124982,21.693095703124982
2025-01-11,952.98,733.0769,Central India,Database,219.90309570312502,219.90309570312502
2025-01-11,1141.5,733.0769,East US,Database,408.423095703125,408.423095703125
2025-02-11,1054.12,733.0769,Central India,Database,321.0430957031249,321.0430957031249
2025-02-11,775.67,733.0769,West Europe,Storage,42.59309570312496,42.59309570312496
2025-02-11,1207.21,733.0769,East US,Storage,474.13309570312504,474.13309570312504
2025-03-11,913.95,731.37164,West Europe,Networking,182.5783569335938,182.5783569335938
2025-03-11,1320.38,731.37164,East US,Networking,589.0083569335939,589.0083569335939
2025-03-11,1082.82,731.37164,Central India,Networking,351.4483569335937,351.4483569335937
2025-04-11,1067.17,725.2096,Central India,Networking,341.9604052734376,341.9604052734376
2025-04-11,923.84,725.2096,West Europe,Database,198.63040527343753,198.63040527343753
2025-04-11,1274.43,725.2096,East US,Compute,549.2204052734376,549.2204052734376
2025-05-11,1316.7,725.2096,East US,Storage,591.4904052734375,591.4904052734375
2025-05-11,1055.0,725.2096,Central India,Compute,329.7904052734375,329.7904052734375
2025-05-11,839.37,725.2096,West Europe,Storage,114.1604052734375,114.1604052734375
2025-06-11,984.28,718.6546,Central India,Compute,265.6253979492187,265.6253979492187
2025-06-11,769.86,718.6546,West Europe,Storage,51.205397949218764,51.205397949218764
2025-06-11,1131.77,718.6546,East US,Storage,413.11539794921873,413.11539794921873
2025-07-11,696.63,795.2803,West Europe,Compute,-98.6502734375,98.6502734375
2025-07-11,819.46,795.2803,Central India,Storage,24.179726562500036,24.179726562500036
2025-07-11,1002.6,795.2803,East US,Compute,207.31972656250002,207.31972656250002
2025-08-11,768.89,751.61755,Central India,Compute,17.272446289062486,17.272446289062486
2025-08-11,818.98,751.61755,East US,Database,67.36244628906252,67.36244628906252
2025-08-11,632.81,751.61755,West Europe,Storage,-118.80755371093755,118.80755371093755
2025-09-11,546.96,751.61755,West Europe,Compute,-204.65755371093746,204.65755371093746
2025-09-11,797.42,751.61755,East US,Storage,45.80244628906246,45.80244628906246
2025-09-11,670.97,751.61755,Central India,Networking,-80.64755371093747,80.64755371093747
2025-01-12,1048.24,733.0769,East US,Compute,315.163095703125,315.163095703125
2025-01-12,958.27,733.0769,Central India,Networking,225.19309570312498,225.19309570312498
2025-01-12,751.55,733.0769,West Europe,Compute,18.473095703124955,18.473095703124955
2025-02-12,1298.29,733.0769,East US,Compute,565.213095703125,565.213095703125
2025-02-12,896.82,733.0769,West Europe,Storage,163.74309570312505,163.74309570312505
2025-02-12,919.59,733.0769,Central India,Storage,186.51309570312503,186.51309570312503
2025-03-12,1316.48,731.37164,East US,Networking,585.1083569335938,585.1083569335938
2025-03-12,892.98,731.37164,West Europe,Networking,161.60835693359377,161.60835693359377
2025-03-12,1085.75,731.37164,Central India,AI/ML,354.37835693359375,354.37835693359375
2025-04-12,1346.63,725.2096,East US,Storage,621.4204052734376,621.4204052734376
2025-04-12,867.78,725.2096,West Europe,Compute,142.57040527343747,142.57040527343747
2025-04-12,1114.68,725.2096,Central India,Networking,389.47040527343756,389.47040527343756
2025-05-12,1034.72,725.2096,Central India,Compute,309.5104052734375,309.5104052734375
2025-05-12,902.21,725.2096,West Europe,Storage,177.00040527343754,177.00040527343754
2025-05-12,1274.75,725.2096,East US,Compute,549.5404052734375,549.5404052734375
2025-06-12,703.81,718.6546,West Europe,Compute,-14.844602050781305,14.844602050781305
2025-06-12,923.44,718.6546,Central India,AI/ML,204.7853979492188,204.7853979492188
2025-06-12,1113.44,718.6546,East US,Database,394.7853979492188,394.7853979492188
2025-07-12,806.89,795.2803,Central India,Networking,11.609726562499986,11.609726562499986
2025-07-12,639.89,795.2803,West Europe,Storage,-155.3902734375,155.3902734375
2025-07-12,1013.29,795.2803,East US,Compute,218.00972656249996,218.00972656249996
2025-08-12,723.11,751.61755,Central India,Compute,-28.507553710937486,28.507553710937486
2025-08-12,620.89,751.61755,West Europe,Compute,-130.7275537109375,130.7275537109375
2025-08-12,846.37,751.61755,East US,Storage,94.7524462890625,94.7524462890625
2025-09-12,541.77,751.61755,West Europe,Networking,-209.84755371093752,209.84755371093752
2025-09-12,655.94,751.61755,Central India,Networking,-95.67755371093745,95.67755371093745
2025-09-12,775.8,751.61755,East US,Compute,24.182446289062455,24.182446289062455
2025-01-13,922.98,945.81683,Central India,AI/ML,-22.836833496093732,22.836833496093732
2025-01-13,1072.27,945.81683,East US,Networking,126.45316650390623,126.45316650390623
2025-01-13,765.76,945.81683,West Europe,Storage,-180.05683349609376,180.05683349609376
2025-02-13,790.08,1035.5099,West Europe,Networking,-245.42988769531246,245.42988769531246
2025-02-13,1065.81,1035.5099,Central India,Storage,30.300112304687445,30.300112304687445
2025-02-13,1191.59,1035.5099,East US,Compute,156.08011230468742,156.08011230468742
2025-03-13,1326.9,1081.1715,East US,Storage,245.7284912109376,245.7284912109376
2025-03-13,908.27,1081.1715,West Europe,Networking,-172.90150878906252,172.90150878906252
2025-03-13,1162.23,1081.1715,Central India,Compute,81.05849121093752,81.05849121093752
2025-04-13,898.04,1074.6569,West Europe,Compute,-176.61686035156254,176.61686035156254
2025-04-13,1085.87,1074.6569,Central India,Compute,11.21313964843739,11.21313964843739
2025-04-13,1270.58,1074.6569,East US,Compute,195.92313964843743,195.92313964843743
2025-05-13,1294.82,1029.5201,East US,Database,265.29985839843744,265.29985839843744
2025-05-13,1069.44,1029.5201,Central India,Networking,39.919858398437555,39.919858398437555
2025-05-13,886.69,1029.5201,West Europe,Storage,-142.83014160156245,142.83014160156245
2025-06-13,1135.06,941.732,East US,Compute,193.3280053710937,193.3280053710937
2025-06-13,1004.76,941.732,Central India,Storage,63.02800537109374,63.02800537109374
2025-06-13,702.72,941.732,West Europe,Storage,-239.01199462890622,239.01199462890622
2025-07-13,793.73,834.3502,Central India,Compute,-40.62021972656248,40.62021972656248
2025-07-13,1021.76,834.3502,East US,Storage,187.4097802734375,187.4097802734375
2025-07-13,679.2,834.3502,West Europe,Storage,-155.15021972656245,155.15021972656245
2025-08-13,867.91,753.06824,East US,Networking,114.84176269531247,114.84176269531247
2025-08-13,584.57,753.06824,West Europe,Networking,-168.49823730468745,168.49823730468745
2025-08-13,744.59,753.06824,Central India,Compute,-8.478237304687468,8.478237304687468
2025-09-13,584.34,753.06824,West Europe,Storage,-168.72823730468747,168.72823730468747
2025-09-13,840.91,753.06824,East US,Networking,87.84176269531247,87.84176269531247
2025-09-13,686.61,753.06824,Central India,Storage,-66.45823730468749,66.45823730468749
2025-01-14,965.68,955.9686,Central India,Database,9.71137207031245,9.71137207031245
2025-01-14,730.67,955.9686,West Europe,Networking,-225.29862792968754,225.29862792968754
2025-01-14,1179.79,955.9686,East US,Compute,223.82137207031246,223.82137207031246
2025-02-14,845.09,1043.9525,West Europe,Compute,-198.86251464843747,198.86251464843747
2025-02-14,1285.18,1043.9525,East US,Networking,241.22748535156256,241.22748535156256
2025-02-14,1038.34,1043.9525,Central India,Compute,-5.612514648437582,5.612514648437582
2025-03-14,854.94,1081.1715,West Europe,Storage,-226.23150878906245,226.23150878906245
2025-03-14,1326.7,1081.1715,East US,AI/ML,245.52849121093755,245.52849121093755
2025-03-14,1102.07,1081.1715,Central India,Storage,20.898491210937436,20.898491210937436
2025-04-14,1234.33,1074.6569,East US,Storage,159.67313964843743,159.67313964843743
2025-04-14,947.4,1074.6569,West Europe,Networking,-127.25686035156252,127.25686035156252
2025-04-14,1111.78,1074.6569,Central India,Storage,37.12313964843747,37.12313964843747
2025-05-14,1110.29,1029.5201,Central India,Storage,80.76985839843746,80.76985839843746
2025-05-14,1263.55,1029.5201,East US,AI/ML,234.02985839843745,234.02985839843745
2025-05-14,816.14,1029.5201,West Europe,Storage,-213.3801416015625,213.3801416015625
2025-06-14,1066.08,941.732,East US,AI/ML,124.34800537109368,124.34800537109368
2025-06-14,973.06,941.732,Central India,Database,31.328005371093695,31.328005371093695
2025-06-14,794.24,941.732,West Europe,Compute,-147.49199462890624,147.49199462890624
2025-07-14,654.87,834.3502,West Europe,Compute,-179.4802197265625,179.4802197265625
2025-07-14,1002.81,834.3502,East US,Compute,168.45978027343745,168.45978027343745
2025-07-14,886.54,834.3502,Central India,Compute,52.189780273437464,52.189780273437464
2025-08-14,582.62,753.06824,West Europe,Compute,-170.4482373046875,170.4482373046875
2025-08-14,780.34,753.06824,Central India,Networking,27.271762695312532,27.271762695312532
2025-08-14,840.72,753.06824,East US,Compute,87.65176269531253,87.65176269531253
2025-09-14,624.09,753.06824,West Europe,Compute,-128.97823730468747,128.97823730468747
2025-09-14,650.54,753.06824,Central India,Database,-102.52823730468754,102.52823730468754
2025-09-14,885.58,753.06824,East US,Compute,132.51176269531254,132.51176269531254
2025-01-15,1116.85,955.9686,East US,Database,160.8813720703124,160.8813720703124
2025-01-15,703.02,955.9686,West Europe,Compute,-252.94862792968752,252.94862792968752
2025-01-15,996.36,955.9686,Central India,Compute,40.391372070312514,40.391372070312514
2025-02-15,1254.03,1043.9525,East US,Networking,210.07748535156247,210.07748535156247
2025-02-15,1001.69,1043.9525,Central India,Networking,-42.262514648437445,42.262514648437445
2025-02-15,896.93,1043.9525,West Europe,Database,-147.02251464843755,147.02251464843755
2025-03-15,1339.73,1081.1715,East US,Networking,258.5584912109375,258.5584912109375
2025-03-15,1106.82,1081.1715,Central India,Database,25.648491210937436,25.648491210937436
2025-03-15,956.78,1081.1715,West Europe,Compute,-124.39150878906253,124.39150878906253
2025-04-15,1298.88,1074.6569,East US,Compute,224.2231396484376,224.2231396484376
2025-04-15,929.23,1074.6569,West Europe,Networking,-145.42686035156248,145.42686035156248
2025-04-15,1094.08,1074.6569,Central India,Database,19.423139648437427,19.423139648437427
2025-05-15,1217.31,1029.5201,East US,AI/ML,187.78985839843745,187.78985839843745
2025-05-15,827.3,1029.5201,West Europe,Storage,-202.22014160156255,202.22014160156255
2025-05-15,1007.64,1029.5201,Central India,Storage,-21.880141601562514,21.880141601562514
2025-06-15,761.99,940.484,West Europe,Networking,-178.4940087890625,178.4940087890625
2025-06-15,1099.83,940.484,East US,Compute,159.34599121093743,159.34599121093743
2025-06-15,959.3,940.484,Central India,AI/ML,18.815991210937455,18.815991210937455
2025-07-15,640.12,834.3502,West Europe,Database,-194.2302197265625,194.2302197265625
2025-07-15,837.23,834.3502,Central India,Storage,2.879780273437518,2.879780273437518
2025-07-15,1028.03,834.3502,East US,Networking,193.67978027343747,193.67978027343747
2025-08-15,847.51,753.06824,East US,Networking,94.44176269531249,94.44176269531249
2025-08-15,595.15,753.06824,West Europe,Compute,-157.91823730468752,157.91823730468752
2025-08-15,751.61,753.06824,Central India,Database,-1.4582373046874864,1.4582373046874864
2025-09-15,872.13,753.06824,East US,Storage,119.0617626953125,119.0617626953125
2025-09-15,717.59,753.06824,Central India,Database,-35.47823730468747,35.47823730468747
2025-09-15,492.36,753.06824,West Europe,Compute,-260.7082373046875,260.7082373046875
2025-01-16,957.37,956.4341,Central India,Database,0.9359179687500045,0.9359179687500045
2025-01-16,1186.88,956.4341,East US,Storage,230.4459179687501,230.4459179687501
2025-01-16,756.53,956.4341,West Europe,Compute,-199.90408203125003,199.90408203125003
2025-02-16,838.78,1043.9525,West Europe,Database,-205.17251464843753,205.17251464843753
2025-02-16,1017.0,1043.9525,Central India,Compute,-26.9525146484375,26.9525146484375
2025-02-16,1276.7,1043.9525,East US,Compute,232.74748535156255,232.74748535156255
2025-03-16,869.24,1081.1715,West Europe,AI/ML,-211.9315087890625,211.9315087890625
2025-03-16,1228.18,1081.1715,East US,AI/ML,147.00849121093756,147.00849121093756
2025-03-16,1152.39,1081.1715,Central India,Storage,71.2184912109376,71.2184912109376
2025-04-16,1057.52,1074.6569,Central India,Networking,-17.136860351562518,17.136860351562518
2025-04-16,1344.35,1074.6569,East US,Storage,269.6931396484374,269.6931396484374
2025-04-16,934.75,1074.6569,West Europe,Compute,-139.9068603515625,139.9068603515625
2025-05-16,1249.54,1029.5201,East US,Compute,220.01985839843746,220.01985839843746
2025-05-16,1065.94,1029.5201,Central India,Networking,36.419858398437555,36.419858398437555
2025-05-16,844.51,1029.5201,West Europe,Networking,-185.0101416015625,185.0101416015625
2025-06-16,751.8,940.34955,West Europe,Networking,-188.5495483398438,188.5495483398438
2025-06-16,1121.39,940.34955,East US,Networking,181.04045166015635,181.04045166015635
2025-06-16,909.16,940.34955,Central India,Compute,-31.189548339843782,31.189548339843782
2025-07-16,837.1,834.3502,Central India,Storage,2.7497802734375227,2.7497802734375227
2025-07-16,1071.26,834.3502,East US,Compute,236.9097802734375,236.9097802734375
2025-07-16,617.23,834.3502,West Europe,Storage,-217.12021972656248,217.12021972656248
2025-08-16,606.46,753.06824,West Europe,Storage,-146.60823730468746,146.60823730468746
2025-08-16,666.97,753.06824,Central India,Database,-86.09823730468747,86.09823730468747
2025-08-16,933.84,753.06824,East US,Storage,180.77176269531253,180.77176269531253
2025-09-16,804.21,753.06824,East US,Compute,51.141762695312536,51.141762695312536
2025-09-16,639.81,753.06824,Central India,Compute,-113.25823730468755,113.25823730468755
2025-09-16,534.49,753.06824,West Europe,Networking,-218.5782373046875,218.5782373046875
2025-01-17,1166.5,956.4341,East US,Networking,210.06591796875,210.06591796875
2025-01-17,807.81,956.4341,West Europe,Compute,-148.62408203125005,148.62408203125005
2025-01-17,1004.72,956.4341,Central India,Compute,48.28591796875003,48.28591796875003
2025-02-17,1039.94,1043.9525,Central India,Networking,-4.012514648437445,4.012514648437445
2025-02-17,921.27,1043.9525,West Europe,Compute,-122.68251464843752,122.68251464843752
2025-02-17,1187.85,1043.9525,East US,Database,143.8974853515624,143.8974853515624
2025-03-17,874.81,1081.1715,West Europe,Networking,-206.36150878906255,206.36150878906255
2025-03-17,1113.41,1081.1715,Central India,Compute,32.23849121093758,32.23849121093758
2025-03-17,1310.22,1081.1715,East US,Compute,229.04849121093753,229.04849121093753
2025-04-17,1040.66,1074.6569,Central India,AI/ML,-33.99686035156242,33.99686035156242
2025-04-17,836.09,1074.6569,West Europe,Storage,-238.56686035156247,238.56686035156247
2025-04-17,1379.84,1074.6569,East US,Storage,305.1831396484374,305.1831396484374
2025-05-17,1135.99,1029.5201,Central India,Database,106.46985839843751,106.46985839843751
2025-05-17,799.07,1029.5201,West Europe,AI/ML,-230.45014160156245,230.45014160156245
2025-05-17,1194.8,1029.5201,East US,AI/ML,165.27985839843745,165.27985839843745
2025-06-17,1103.55,951.4198,East US,Networking,152.13020019531245,152.13020019531245
2025-06-17,984.21,951.4198,Central India,Storage,32.790200195312536,32.790200195312536
2025-06-17,795.95,951.4198,West Europe,Compute,-155.46979980468745,155.46979980468745
2025-07-17,772.23,834.3502,Central India,Networking,-62.12021972656248,62.12021972656248
2025-07-17,1022.03,834.3502,East US,Storage,187.67978027343747,187.67978027343747
2025-07-17,685.24,834.3502,West Europe,Storage,-149.1102197265625,149.1102197265625
2025-08-17,781.96,753.06824,East US,Database,28.891762695312536,28.891762695312536
2025-08-17,591.68,753.06824,West Europe,Compute,-161.38823730468755,161.38823730468755
2025-08-17,786.8,753.06824,Central India,Storage,33.731762695312455,33.731762695312455
2025-09-17,797.63,753.06824,East US,Compute,44.561762695312495,44.561762695312495
2025-09-17,593.42,753.06824,West Europe,Storage,-159.64823730468754,159.64823730468754
2025-09-17,670.36,753.06824,Central India,Compute,-82.70823730468749,82.70823730468749
2025-01-18,761.61,956.4341,West Europe,Compute,-194.82408203125,194.82408203125
2025-01-18,1100.78,956.4341,East US,Compute,144.34591796874997,144.34591796874997
2025-01-18,981.28,956.4341,Central India,Networking,24.845917968749973,24.845917968749973
2025-02-18,1213.07,1043.9525,East US,Networking,169.11748535156244,169.11748535156244
2025-02-18,1044.25,1043.9525,Central India,Storage,0.2974853515625,0.2974853515625
2025-02-18,951.97,1043.9525,West Europe,AI/ML,-91.98251464843747,91.98251464843747
2025-03-18,1088.79,1081.1715,Central India,Storage,7.618491210937464,7.618491210937464
2025-03-18,946.43,1081.1715,West Europe,Compute,-134.74150878906255,134.74150878906255
2025-03-18,1377.84,1081.1715,East US,Database,296.6684912109374,296.6684912109374
2025-04-18,1025.61,1074.6569,Central India,Compute,-49.0468603515626,49.0468603515626
2025-04-18,933.2,1074.6569,West Europe,AI/ML,-141.45686035156245,141.45686035156245
2025-04-18,1236.06,1074.6569,East US,Compute,161.40313964843745,161.40313964843745
2025-05-18,1097.96,1029.5201,Central India,AI/ML,68.43985839843754,68.43985839843754
2025-05-18,803.54,1029.5201,West Europe,Compute,-225.98014160156254,225.98014160156254
2025-05-18,1218.46,1029.5201,East US,Database,188.93985839843754,188.93985839843754
2025-06-18,813.38,926.75574,West Europe,Storage,-113.3757373046875,113.3757373046875
2025-06-18,810.87,926.75574,Central India,AI/ML,-115.8857373046875,115.8857373046875
2025-06-18,1138.78,926.75574,East US,Compute,212.02426269531247,212.02426269531247
2025-07-18,573.94,826.7346,West Europe,Storage,-252.79461914062495,252.79461914062495
2025-07-18,778.07,826.7346,Central India,AI/ML,-48.66461914062495,48.66461914062495
2025-07-18,997.76,826.7346,East US,Storage,171.025380859375,171.025380859375
2025-08-18,657.6,753.06824,West Europe,Networking,-95.46823730468748,95.46823730468748
2025-08-18,684.75,753.06824,Central India,Networking,-68.3182373046875,68.3182373046875
2025-08-18,892.06,753.06824,East US,Storage,138.99176269531245,138.99176269531245
2025-09-18,677.12,753.06824,Central India,Networking,-75.9482373046875,75.9482373046875
2025-09-18,783.4,753.06824,East US,Storage,30.331762695312477,30.331762695312477
2025-09-18,566.65,753.06824,West Europe,Database,-186.41823730468752,186.41823730468752
2025-01-19,1101.21,956.4341,East US,Compute,144.77591796875004,144.77591796875004
2025-01-19,765.03,956.4341,West Europe,Compute,-191.40408203125003,191.40408203125003
2025-01-19,994.99,956.4341,Central India,AI/ML,38.55591796875001,38.55591796875001
2025-02-19,900.76,1043.9525,West Europe,Database,-143.1925146484375,143.1925146484375
2025-02-19,1057.62,1043.9525,Central India,Storage,13.66748535156239,13.66748535156239
2025-02-19,1278.97,1043.9525,East US,Networking,235.01748535156253,235.01748535156253
2025-03-19,855.25,1081.1715,West Europe,Compute,-225.9215087890625,225.9215087890625
2025-03-19,1023.21,1081.1715,Central India,Compute,-57.961508789062464,57.961508789062464
2025-03-19,1251.69,1081.1715,East US,Storage,170.51849121093755,170.51849121093755
2025-04-19,1125.31,1074.6569,Central India,Storage,50.653139648437445,50.653139648437445
2025-04-19,1315.34,1074.6569,East US,Storage,240.68313964843742,240.68313964843742
2025-04-19,986.72,1074.6569,West Europe,Compute,-87.93686035156247,87.93686035156247
2025-05-19,1222.46,1029.5201,East US,AI/ML,192.93985839843754,192.93985839843754
2025-05-19,874.71,1029.5201,West Europe,AI/ML,-154.81014160156246,154.81014160156246
2025-05-19,1018.34,1029.5201,Central India,Networking,-11.180141601562468,11.180141601562468
2025-06-19,724.29,926.75574,West Europe,Storage,-202.46573730468754,202.46573730468754
2025-06-19,999.3,926.75574,Central India,Compute,72.54426269531245,72.54426269531245
2025-06-19,987.3,926.75574,East US,Database,60.544262695312455,60.544262695312455
2025-07-19,750.65,826.7346,Central India,Networking,-76.08461914062502,76.08461914062502
2025-07-19,995.74,826.7346,East US,Compute,169.005380859375,169.005380859375
2025-07-19,653.34,826.7346,West Europe,Database,-173.39461914062497,173.39461914062497
2025-08-19,562.4,753.06824,West Europe,Database,-190.66823730468752,190.66823730468752
2025-08-19,831.81,753.06824,East US,AI/ML,78.74176269531245,78.74176269531245
2025-08-19,743.82,753.06824,Central India,Networking,-9.24823730468745,9.24823730468745
2025-09-19,657.09,753.06824,Central India,Networking,-95.97823730468747,95.97823730468747
2025-09-19,513.02,753.06824,West Europe,Storage,-240.04823730468752,240.04823730468752
2025-09-19,858.58,753.06824,East US,AI/ML,105.51176269531254,105.51176269531254
2025-01-20,739.66,949.4019,West Europe,Database,-209.74191650390628,209.74191650390628
2025-01-20,940.66,949.4019,Central India,Compute,-8.741916503906282,8.741916503906282
2025-01-20,1088.86,949.4019,East US,Compute,139.45808349609365,139.45808349609365
2025-02-20,1057.94,1043.9525,Central India,Storage,13.987485351562555,13.987485351562555
2025-02-20,1316.6,1043.9525,East US,Database,272.6474853515624,272.6474853515624
2025-02-20,873.0,1043.9525,West Europe,AI/ML,-170.9525146484375,170.9525146484375
2025-03-20,1086.92,1081.1715,Central India,Compute,5.748491210937573,5.748491210937573
2025-03-20,1317.19,1081.1715,East US,Storage,236.01849121093755,236.01849121093755
2025-03-20,995.73,1081.1715,West Europe,Storage,-85.44150878906248,85.44150878906248
2025-04-20,1168.4,1074.6569,Central India,AI/ML,93.74313964843759,93.74313964843759
2025-04-20,1283.82,1074.6569,East US,Database,209.16313964843744,209.16313964843744
2025-04-20,934.2,1074.6569,West Europe,Database,-140.45686035156245,140.45686035156245
2025-05-20,869.23,1029.5201,West Europe,Storage,-160.29014160156248,160.29014160156248
2025-05-20,951.27,1029.5201,Central India,Storage,-78.25014160156252,78.25014160156252
2025-05-20,1302.08,1029.5201,East US,Compute,272.5598583984374,272.5598583984374
2025-06-20,717.52,926.75574,West Europe,Compute,-209.23573730468752,209.23573730468752
2025-06-20,950.48,926.75574,Central India,Database,23.724262695312518,23.724262695312518
2025-06-20,1124.88,926.75574,East US,Database,198.1242626953126,198.1242626953126
2025-07-20,631.62,826.7346,West Europe,AI/ML,-195.114619140625,195.114619140625
2025-07-20,940.97,826.7346,East US,AI/ML,114.23538085937503,114.23538085937503
2025-07-20,916.77,826.7346,Central India,Storage,90.03538085937498,90.03538085937498
2025-08-20,707.88,753.06824,Central India,Networking,-45.188237304687505,45.188237304687505
2025-08-20,609.51,753.06824,West Europe,AI/ML,-143.5582373046875,143.5582373046875
2025-08-20,847.6,753.06824,East US,Database,94.53176269531252,94.53176269531252
2025-09-20,666.05,753.06824,Central India,Compute,-87.01823730468755,87.01823730468755
2025-09-20,406.09,753.06824,West Europe,Storage,-346.9782373046875,346.9782373046875
2025-09-20,806.33,753.06824,East US,Compute,53.26176269531254,53.26176269531254
2025-01-21,760.78,949.4019,West Europe,AI/ML,-188.62191650390628,188.62191650390628
2025-01-21,1065.02,949.4019,East US,Networking,115.61808349609373,115.61808349609373
2025-01-21,980.8,949.4019,Central India,Compute,31.398083496093705,31.398083496093705
2025-02-21,1237.35,1043.9525,East US,Networking,193.3974853515624,193.3974853515624
2025-02-21,1072.41,1043.9525,Central India,Networking,28.457485351562582,28.457485351562582
2025-02-21,877.9,1043.9525,West Europe,Storage,-166.05251464843752,166.05251464843752
2025-03-21,885.31,1081.1715,West Europe,Compute,-195.86150878906255,195.86150878906255
2025-03-21,1333.38,1081.1715,East US,Networking,252.2084912109376,252.2084912109376
2025-03-21,1086.63,1081.1715,Central India,Storage,5.458491210937609,5.458491210937609
2025-04-21,1344.42,1074.6569,East US,Networking,269.7631396484376,269.7631396484376
2025-04-21,1089.78,1074.6569,Central India,Storage,15.123139648437473,15.123139648437473
2025-04-21,772.17,1074.6569,West Europe,Database,-302.48686035156254,302.48686035156254
2025-05-21,878.07,1029.5201,West Europe,Storage,-151.45014160156245,151.45014160156245
2025-05-21,1267.06,1029.5201,East US,Storage,237.53985839843745,237.53985839843745
2025-05-21,1048.19,1029.5201,Central India,Database,18.669858398437555,18.669858398437555
2025-06-21,1083.82,926.75574,East US,Storage,157.06426269531244,157.06426269531244
2025-06-21,924.61,926.75574,Central India,Compute,-2.1457373046874864,2.1457373046874864
2025-06-21,748.57,926.75574,West Europe,Compute,-178.18573730468745,178.18573730468745
2025-07-21,620.64,826.7346,West Europe,Networking,-206.094619140625,206.094619140625
2025-07-21,963.31,826.7346,East US,Networking,136.57538085937495,136.57538085937495
2025-07-21,813.99,826.7346,Central India,Networking,-12.744619140624991,12.744619140624991
2025-08-21,549.58,753.06824,West Europe,Compute,-203.48823730468746,203.48823730468746
2025-08-21,927.56,753.06824,East US,Compute,174.49176269531245,174.49176269531245
2025-08-21,691.17,753.06824,Central India,Compute,-61.89823730468754,61.89823730468754
2025-09-21,687.26,753.06824,Central India,Storage,-65.80823730468751,65.80823730468751
2025-09-21,798.95,753.06824,East US,Storage,45.881762695312545,45.881762695312545
2025-09-21,583.28,753.06824,West Europe,Storage,-169.78823730468753,169.78823730468753
2025-01-22,991.34,974.6815,Central India,Storage,16.658481445312532,16.658481445312532
2025-01-22,839.82,974.6815,West Europe,Database,-134.86151855468745,134.86151855468745
2025-01-22,1099.07,974.6815,East US,Compute,124.38848144531244,124.38848144531244
2025-02-22,1226.71,1043.9525,East US,Storage,182.75748535156254,182.75748535156254
2025-02-22,760.91,1043.9525,West Europe,Networking,-283.04251464843753,283.04251464843753
2025-02-22,1072.13,1043.9525,Central India,Storage,28.17748535156261,28.17748535156261
2025-03-22,1252.6,1081.1715,East US,Networking,171.4284912109374,171.4284912109374
2025-03-22,1230.87,1081.1715,Central India,Database,149.6984912109374,149.6984912109374
2025-03-22,850.2,1081.1715,West Europe,AI/ML,-230.97150878906245,230.97150878906245
2025-04-22,1281.88,1069.9028,East US,Compute,211.9771679687501,211.9771679687501
2025-04-22,903.07,1069.9028,West Europe,AI/ML,-166.83283203124995,166.83283203124995
2025-04-22,1089.92,1069.9028,Central India,Storage,20.017167968750073,20.017167968750073
2025-05-22,1008.09,1024.318,Central India,Compute,-16.227993164062468,16.227993164062468
2025-05-22,882.43,1024.318,West Europe,Storage,-141.88799316406255,141.88799316406255
2025-05-22,1177.07,1024.318,East US,AI/ML,152.75200683593744,152.75200683593744
2025-06-22,1085.29,928.79956,East US,Storage,156.49043945312496,156.49043945312496
2025-06-22,922.96,928.79956,Central India,Compute,-5.839560546874964,5.839560546874964
2025-06-22,826.26,928.79956,West Europe,Networking,-102.53956054687501,102.53956054687501
2025-07-22,798.52,826.7346,Central India,Compute,-28.214619140625018,28.214619140625018
2025-07-22,670.81,826.7346,West Europe,Compute,-155.92461914062505,155.92461914062505
2025-07-22,941.61,826.7346,East US,Compute,114.87538085937501,114.87538085937501
2025-08-22,568.97,753.06824,West Europe,Compute,-184.09823730468747,184.09823730468747
2025-08-22,807.26,753.06824,East US,Compute,54.19176269531249,54.19176269531249
2025-08-22,681.55,753.06824,Central India,Compute,-71.51823730468755,71.51823730468755
2025-09-22,890.15,753.06824,East US,Networking,137.08176269531248,137.08176269531248
2025-09-22,527.22,753.06824,West Europe,Compute,-225.84823730468747,225.84823730468747
2025-09-22,682.03,753.06824,Central India,Compute,-71.03823730468753,71.03823730468753
2025-01-23,1153.99,975.8871,East US,Database,178.1029150390625,178.1029150390625
2025-01-23,843.13,975.8871,West Europe,Storage,-132.7570849609375,132.7570849609375
2025-01-23,994.19,975.8871,Central India,Networking,18.302915039062555,18.302915039062555
2025-02-23,855.82,1043.9525,West Europe,Compute,-188.13251464843745,188.13251464843745
2025-02-23,1091.33,1043.9525,Central India,Compute,47.37748535156243,47.37748535156243
2025-02-23,1318.01,1043.9525,East US,Compute,274.0574853515625,274.0574853515625
2025-03-23,950.55,1081.1715,West Europe,Compute,-130.62150878906255,130.62150878906255
2025-03-23,1140.74,1081.1715,Central India,Compute,59.56849121093751,59.56849121093751
2025-03-23,1284.97,1081.1715,East US,Compute,203.79849121093753,203.79849121093753
2025-04-23,1252.63,1069.589,East US,Compute,183.0410107421876,183.0410107421876
2025-04-23,1065.13,1069.589,Central India,Compute,-4.458989257812391,4.458989257812391
2025-04-23,875.76,1069.589,West Europe,Storage,-193.8289892578125,193.8289892578125
2025-05-23,984.87,1024.0042,Central India,Compute,-39.134150390624995,39.134150390624995
2025-05-23,1210.4,1024.0042,East US,Storage,186.3958496093751,186.3958496093751
2025-05-23,828.0,1024.0042,West Europe,Storage,-196.004150390625,196.004150390625
2025-06-23,862.23,924.56995,Central India,Networking,-62.33994628906248,62.33994628906248
2025-06-23,1123.82,924.56995,East US,Compute,199.25005371093744,199.25005371093744
2025-06-23,774.79,924.56995,West Europe,Networking,-149.77994628906254,149.77994628906254
2025-07-23,663.48,826.7346,West Europe,Networking,-163.25461914062498,163.25461914062498
2025-07-23,787.95,826.7346,Central India,Compute,-38.784619140624955,38.784619140624955
2025-07-23,931.28,826.7346,East US,Database,104.54538085937497,104.54538085937497
2025-08-23,575.66,753.06824,West Europe,AI/ML,-177.40823730468753,177.40823730468753
2025-08-23,813.34,753.06824,East US,Compute,60.27176269531253,60.27176269531253
2025-08-23,706.83,753.06824,Central India,Compute,-46.23823730468746,46.23823730468746
2025-09-23,672.14,753.06824,Central India,Database,-80.92823730468751,80.92823730468751
2025-09-23,570.85,753.06824,West Europe,Networking,-182.21823730468748,182.21823730468748
2025-09-23,772.95,753.06824,East US,Compute,19.881762695312545,19.881762695312545
2025-01-24,1167.52,975.8871,East US,Compute,191.63291503906248,191.63291503906248
2025-01-24,972.85,975.8871,Central India,Storage,-3.0370849609374773,3.0370849609374773
2025-01-24,833.03,975.8871,West Europe,Storage,-142.85708496093753,142.85708496093753
2025-02-24,1235.05,1043.9525,East US,Networking,191.09748535156245,191.09748535156245
2025-02-24,845.57,1043.9525,West Europe,Storage,-198.38251464843745,198.38251464843745
2025-02-24,1023.47,1043.9525,Central India,Storage,-20.482514648437473,20.482514648437473
2025-03-24,1090.85,1081.1715,Central India,Networking,9.678491210937409,9.678491210937409
2025-03-24,1327.8,1081.1715,East US,Compute,246.62849121093745,246.62849121093745
2025-03-24,959.99,1081.1715,West Europe,Compute,-121.18150878906249,121.18150878906249
2025-04-24,837.96,1069.589,West Europe,Networking,-231.62898925781246,231.62898925781246
2025-04-24,1069.4,1069.589,Central India,Database,-0.18898925781240905,0.18898925781240905
2025-04-24,1242.29,1069.589,East US,Storage,172.70101074218746,172.70101074218746
2025-05-24,1266.65,1024.0042,East US,Storage,242.6458496093751,242.6458496093751
2025-05-24,892.42,1024.0042,West Europe,Compute,-131.58415039062504,131.58415039062504
2025-05-24,1025.0,1024.0042,Central India,Storage,0.995849609375,0.995849609375
2025-06-24,793.09,919.9347,West Europe,Storage,-126.84469238281247,126.84469238281247
2025-06-24,845.33,919.9347,Central India,Compute,-74.60469238281246,74.60469238281246
2025-06-24,1015.27,919.9347,East US,Compute,95.33530761718748,95.33530761718748
2025-07-24,837.13,826.7346,Central India,Storage,10.395380859374995,10.395380859374995
2025-07-24,1020.58,826.7346,East US,Compute,193.84538085937504,193.84538085937504
2025-07-24,633.38,826.7346,West Europe,Compute,-193.354619140625,193.354619140625
2025-08-24,603.69,753.06824,West Europe,Compute,-149.37823730468745,149.37823730468745
2025-08-24,850.45,753.06824,East US,Compute,97.38176269531255,97.38176269531255
2025-08-24,711.45,753.06824,Central India,Compute,-41.618237304687455,41.618237304687455
2025-09-24,608.03,753.06824,Central India,Database,-145.03823730468753,145.03823730468753
2025-09-24,617.5,753.06824,West Europe,Storage,-135.5682373046875,135.5682373046875
2025-09-24,817.9,753.06824,East US,Networking,64.83176269531248,64.83176269531248
2025-01-25,1117.48,975.8871,East US,Networking,141.59291503906252,141.59291503906252
2025-01-25,1011.47,975.8871,Central India,Storage,35.58291503906253,35.58291503906253
2025-01-25,786.94,975.8871,West Europe,Compute,-188.94708496093745,188.94708496093745
2025-02-25,1026.83,1043.9525,Central India,Storage,-17.122514648437573,17.122514648437573
2025-02-25,885.69,1043.9525,West Europe,Storage,-158.26251464843745,158.26251464843745
2025-02-25,1266.8,1043.9525,East US,Networking,222.84748535156245,222.84748535156245
2025-03-25,1132.74,1081.1715,Central India,Storage,51.56849121093751,51.56849121093751
2025-03-25,889.54,1081.1715,West Europe,Compute,-191.63150878906254,191.63150878906254
2025-03-25,1424.94,1081.1715,East US,Compute,343.76849121093755,343.76849121093755
2025-04-25,1279.97,1069.589,East US,Storage,210.38101074218753,210.38101074218753
2025-04-25,919.32,1069.589,West Europe,Networking,-150.26898925781245,150.26898925781245
2025-04-25,1041.92,1069.589,Central India,Storage,-27.668989257812427,27.668989257812427
2025-05-25,982.04,1013.0585,Central India,Storage,-31.018471679687536,31.018471679687536
2025-05-25,1192.08,1013.0585,East US,AI/ML,179.02152832031243,179.02152832031243
2025-05-25,782.11,1013.0585,West Europe,Networking,-230.9484716796875,230.9484716796875
2025-06-25,778.59,922.62537,West Europe,Compute,-144.03536621093747,144.03536621093747
2025-06-25,930.23,922.62537,Central India,Compute,7.604633789062518,7.604633789062518
2025-06-25,1110.31,922.62537,East US,Compute,187.68463378906245,187.68463378906245
2025-07-25,924.84,823.4826,East US,Compute,101.35739501953128,101.35739501953128
2025-07-25,657.59,823.4826,West Europe,Compute,-165.89260498046872,165.89260498046872
2025-07-25,818.38,823.4826,Central India,Compute,-5.1026049804687545,5.1026049804687545
2025-08-25,727.01,753.06824,Central India,Compute,-26.05823730468751,26.05823730468751
2025-08-25,617.14,753.06824,West Europe,Compute,-135.9282373046875,135.9282373046875
2025-08-25,801.12,753.06824,East US,Database,48.051762695312505,48.051762695312505
2025-09-25,784.82,753.06824,East US,Compute,31.75176269531255,31.75176269531255
2025-09-25,558.11,753.06824,West Europe,Storage,-194.9582373046875,194.9582373046875
2025-09-25,701.66,753.06824,Central India,Storage,-51.40823730468753,51.40823730468753
2025-01-26,795.27,975.8871,West Europe,AI/ML,-180.61708496093752,180.61708496093752
2025-01-26,975.18,975.8871,Central India,Compute,-0.70708496093755,0.70708496093755
2025-01-26,1147.24,975.8871,East US,Storage,171.3529150390625,171.3529150390625
2025-02-26,1274.16,1043.9525,East US,AI/ML,230.20748535156258,230.20748535156258
2025-02-26,965.37,1043.9525,Central India,Database,-78.5825146484375,78.5825146484375
2025-02-26,902.12,1043.9525,West Europe,Database,-141.8325146484375,141.8325146484375
2025-03-26,1378.99,1081.1715,East US,Compute,297.8184912109375,297.8184912109375
2025-03-26,928.44,1081.1715,West Europe,Compute,-152.73150878906245,152.73150878906245
2025-03-26,1077.23,1081.1715,Central India,Networking,-3.941508789062482,3.941508789062482
2025-04-26,1020.47,1069.589,Central India,AI/ML,-49.11898925781247,49.11898925781247
2025-04-26,1313.98,1069.589,East US,Storage,244.39101074218752,244.39101074218752
2025-04-26,934.58,1069.589,West Europe,Storage,-135.00898925781246,135.00898925781246
2025-05-26,1237.75,1013.0585,East US,Compute,224.6915283203125,224.6915283203125
2025-05-26,825.94,1013.0585,West Europe,Networking,-187.11847167968745,187.11847167968745
2025-05-26,1020.76,1013.0585,Central India,Compute,7.701528320312491,7.701528320312491
2025-06-26,912.86,922.62537,Central India,Compute,-9.765366210937486,9.765366210937486
2025-06-26,1070.82,922.62537,East US,Storage,148.19463378906244,148.19463378906244
2025-06-26,771.42,922.62537,West Europe,Storage,-151.20536621093754,151.20536621093754
2025-07-26,609.89,815.39856,West Europe,Compute,-205.5085595703125,205.5085595703125
2025-07-26,806.82,815.39856,Central India,Compute,-8.57855957031245,8.57855957031245
2025-07-26,876.66,815.39856,East US,Networking,61.26144042968747,61.26144042968747
2025-08-26,793.91,753.06824,Central India,Compute,40.84176269531247,40.84176269531247
2025-08-26,862.15,753.06824,East US,Storage,109.08176269531248,109.08176269531248
2025-08-26,564.35,753.06824,West Europe,Compute,-188.71823730468748,188.71823730468748
2025-09-26,599.76,753.06824,West Europe,Storage,-153.3082373046875,153.3082373046875
2025-09-26,831.92,753.06824,East US,Storage,78.85176269531246,78.85176269531246
2025-09-26,729.09,753.06824,Central India,Compute,-23.978237304687468,23.978237304687468
2025-01-27,1195.87,975.8871,East US,Compute,219.9829150390624,219.9829150390624
2025-01-27,767.12,975.8871,West Europe,Compute,-208.7670849609375,208.7670849609375
2025-01-27,950.82,975.8871,Central India,Compute,-25.06708496093745,25.06708496093745
2025-02-27,942.01,1045.0577,Central India,AI/ML,-103.04773925781251,103.04773925781251
2025-02-27,889.25,1045.0577,West Europe,Compute,-155.8077392578125,155.8077392578125
2025-02-27,1231.28,1045.0577,East US,Database,186.22226074218747,186.22226074218747
2025-03-27,1292.57,1077.8921,East US,Compute,214.67791015624994,214.67791015624994
2025-03-27,892.35,1077.8921,West Europe,Networking,-185.54208984374998,185.54208984374998
2025-03-27,1021.28,1077.8921,Central India,Networking,-56.61208984375003,56.61208984375003
2025-04-27,861.55,1066.9154,West Europe,Storage,-205.36540527343755,205.36540527343755
2025-04-27,1131.86,1066.9154,Central India,Storage,64.9445947265624,64.9445947265624
2025-04-27,1251.65,1066.9154,East US,Storage,184.7345947265626,184.7345947265626
2025-05-27,770.37,1003.18835,West Europe,Compute,-232.8183544921875,232.8183544921875
2025-05-27,1009.27,1003.18835,Central India,AI/ML,6.081645507812482,6.081645507812482
2025-05-27,1186.3,1003.18835,East US,Database,183.11164550781245,183.11164550781245
2025-06-27,995.97,922.62537,East US,AI/ML,73.34463378906253,73.34463378906253
2025-06-27,710.39,922.62537,West Europe,Compute,-212.2353662109375,212.2353662109375
2025-06-27,934.43,922.62537,Central India,Networking,11.80463378906245,11.80463378906245
2025-07-27,774.96,815.39856,Central India,AI/ML,-40.438559570312464,40.438559570312464
2025-07-27,671.08,815.39856,West Europe,Compute,-144.31855957031246,144.31855957031246
2025-07-27,956.85,815.39856,East US,Compute,141.45144042968752,141.45144042968752
2025-08-27,881.79,753.06824,East US,Networking,128.72176269531246,128.72176269531246
2025-08-27,730.19,753.06824,Central India,Storage,-22.878237304687445,22.878237304687445
2025-08-27,513.09,753.06824,West Europe,Database,-239.97823730468747,239.97823730468747
2025-09-27,596.79,753.06824,Central India,Compute,-156.27823730468754,156.27823730468754
2025-09-27,561.01,753.06824,West Europe,Networking,-192.0582373046875,192.0582373046875
2025-09-27,811.11,753.06824,East US,Compute,58.041762695312514,58.041762695312514
2025-01-28,1260.61,976.03455,East US,Compute,284.5754541015624,284.5754541015624
2025-01-28,917.0,976.03455,Central India,Compute,-59.0345458984375,59.0345458984375
2025-01-28,761.77,976.03455,West Europe,Database,-214.26454589843752,214.26454589843752
2025-02-28,1300.73,1045.2052,East US,Networking,255.52479980468752,255.52479980468752
2025-02-28,1074.66,1045.2052,Central India,Storage,29.454799804687582,29.454799804687582
2025-02-28,879.11,1045.2052,West Europe,Storage,-166.0952001953125,166.0952001953125
2025-03-28,1312.14,1077.8921,East US,Database,234.2479101562501,234.2479101562501
2025-03-28,1119.15,1077.8921,Central India,Storage,41.25791015625009,41.25791015625009
2025-03-28,920.15,1077.8921,West Europe,Database,-157.74208984375002,157.74208984375002
2025-04-28,860.76,1066.9154,West Europe,Storage,-206.1554052734375,206.1554052734375
2025-04-28,1265.76,1066.9154,East US,Storage,198.8445947265625,198.8445947265625
2025-04-28,1063.61,1066.9154,Central India,Storage,-3.3054052734376,3.3054052734376
2025-05-28,840.4,1003.18835,West Europe,Compute,-162.78835449218752,162.78835449218752
2025-05-28,1155.16,1003.18835,East US,Networking,151.97164550781258,151.97164550781258
2025-05-28,938.89,1003.18835,Central India,Storage,-64.29835449218751,64.29835449218751
2025-06-28,947.17,932.1521,Central India,Compute,15.017900390624959,15.017900390624959
2025-06-28,1136.34,932.1521,East US,Database,204.18790039062492,204.18790039062492
2025-06-28,788.57,932.1521,West Europe,Storage,-143.58209960937495,143.58209960937495
2025-07-28,660.24,815.39856,West Europe,Storage,-155.1585595703125,155.1585595703125
2025-07-28,919.09,815.39856,East US,Database,103.69144042968753,103.69144042968753
2025-07-28,792.66,815.39856,Central India,Networking,-22.738559570312532,22.738559570312532
2025-08-28,710.54,753.06824,Central India,Compute,-42.528237304687536,42.528237304687536
2025-08-28,925.04,753.06824,East US,AI/ML,171.97176269531246,171.97176269531246
2025-08-28,626.01,753.06824,West Europe,Networking,-127.05823730468751,127.05823730468751
2025-09-28,708.63,753.06824,Central India,Compute,-44.438237304687505,44.438237304687505
2025-09-28,795.5,753.06824,East US,Compute,42.4317626953125,42.4317626953125
2025-09-28,518.91,753.06824,West Europe,Networking,-234.15823730468753,234.15823730468753
2025-01-29,1189.01,988.79297,East US,Networking,200.21703125,200.21703125
2025-01-29,769.22,988.79297,West Europe,Storage,-219.57296874999997,219.57296874999997
2025-01-29,1053.63,988.79297,Central India,Database,64.83703125000011,64.83703125000011
2025-03-29,1112.75,1077.8921,Central India,Networking,34.85791015625,34.85791015625
2025-03-29,921.11,1077.8921,West Europe,Compute,-156.78208984375,156.78208984375
2025-03-29,1325.52,1077.8921,East US,Compute,247.62791015624998,247.62791015624998
2025-04-29,908.35,1066.9154,West Europe,Compute,-158.56540527343748,158.56540527343748
2025-04-29,1065.2,1066.9154,Central India,Networking,-1.7154052734374545,1.7154052734374545
2025-04-29,1257.06,1066.9154,East US,Compute,190.14459472656245,190.14459472656245
2025-05-29,1154.75,1003.18835,East US,Storage,151.5616455078125,151.5616455078125
2025-05-29,954.08,1003.18835,Central India,Networking,-49.10835449218746,49.10835449218746
2025-05-29,813.52,1003.18835,West Europe,Database,-189.66835449218752,189.66835449218752
2025-06-29,923.86,932.1521,Central India,Compute,-8.292099609374986,8.292099609374986
2025-06-29,1104.33,932.1521,East US,Database,172.17790039062493,172.17790039062493
2025-06-29,779.21,932.1521,West Europe,Compute,-152.94209960937496,152.94209960937496
2025-07-29,657.72,815.39856,West Europe,Database,-157.67855957031247,157.67855957031247
2025-07-29,793.39,815.39856,Central India,Compute,-22.008559570312514,22.008559570312514
2025-07-29,944.48,815.39856,East US,Storage,129.08144042968752,129.08144042968752
2025-08-29,533.94,753.06824,West Europe,Networking,-219.12823730468745,219.12823730468745
2025-08-29,656.08,753.06824,Central India,Compute,-96.98823730468746,96.98823730468746
2025-08-29,867.64,753.06824,East US,Compute,114.57176269531249,114.57176269531249
2025-09-29,796.25,753.06824,East US,Networking,43.1817626953125,43.1817626953125
2025-09-29,678.03,753.06824,Central India,Networking,-75.03823730468753,75.03823730468753
2025-09-29,596.88,753.06824,West Europe,Networking,-156.1882373046875,156.1882373046875
2025-01-30,974.86,988.79297,Central India,Networking,-13.932968749999986,13.932968749999986
2025-01-30,1219.91,988.79297,East US,Storage,231.11703125000008,231.11703125000008
2025-01-30,864.67,988.79297,West Europe,Compute,-124.12296875000004,124.12296875000004
2025-03-30,905.66,1074.4169,West Europe,Compute,-168.75687011718753,168.75687011718753
2025-03-30,1286.09,1074.4169,East US,Compute,211.67312988281242,211.67312988281242
2025-03-30,1070.01,1074.4169,Central India,Database,-4.406870117187509,4.406870117187509
2025-04-30,1065.76,1066.9154,Central India,Storage,-1.155405273437509,1.155405273437509
2025-04-30,906.83,1066.9154,West Europe,Storage,-160.08540527343746,160.08540527343746
2025-04-30,1253.19,1066.9154,East US,Storage,186.27459472656255,186.27459472656255
2025-05-30,808.79,1003.18835,West Europe,AI/ML,-194.39835449218754,194.39835449218754
2025-05-30,1291.61,1003.18835,East US,Compute,288.4216455078124,288.4216455078124
2025-05-30,991.8,1003.18835,Central India,Storage,-11.388354492187545,11.388354492187545
2025-06-30,705.02,918.35333,West Europe,Storage,-213.33333251953127,213.33333251953127
2025-06-30,1089.78,918.35333,East US,Networking,171.42666748046872,171.42666748046872
2025-06-30,900.63,918.35333,Central India,Compute,-17.723332519531255,17.723332519531255
2025-07-30,886.2,815.39856,East US,Database,70.80144042968755,70.80144042968755
2025-07-30,742.74,815.39856,Central India,AI/ML,-72.65855957031249,72.65855957031249
2025-07-30,662.83,815.39856,West Europe,Storage,-152.56855957031246,152.56855957031246
2025-08-30,848.17,760.5488,East US,Networking,87.62117187499996,87.62117187499996
2025-08-30,707.38,760.5488,Central India,AI/ML,-53.168828125000005,53.168828125000005
2025-08-30,691.08,760.5488,West Europe,Networking,-69.46882812499996,69.46882812499996
2025-09-30,691.94,760.5488,Central India,Compute,-68.60882812499995,68.60882812499995
2025-09-30,793.67,760.5488,East US,Storage,33.12117187499996,33.12117187499996
2025-09-30,502.3,760.5488,West Europe,Networking,-258.248828125,258.248828125
2025-01-31,990.53,988.05383,Central India,Storage,2.4761669921874727,2.4761669921874727
2025-01-31,1169.32,988.05383,East US,Networking,181.26616699218744,181.26616699218744
2025-01-31,828.9,988.05383,West Europe,AI/ML,-159.15383300781252,159.15383300781252
2025-03-31,1120.63,1074.4169,Central India,AI/ML,46.21312988281261,46.21312988281261
2025-03-31,885.44,1074.4169,West Europe,Storage,-188.97687011718745,188.97687011718745
2025-03-31,1265.96,1074.4169,East US,Compute,191.54312988281254,191.54312988281254
2025-05-31,842.29,1003.18835,West Europe,AI/ML,-160.89835449218754,160.89835449218754
2025-05-31,1163.28,1003.18835,East US,Database,160.09164550781247,160.09164550781247
2025-05-31,1019.37,1003.18835,Central India,Compute,16.181645507812505,16.181645507812505
2025-07-31,644.76,815.39856,West Europe,AI/ML,-170.6385595703125,170.6385595703125
2025-07-31,901.68,815.39856,East US,Database,86.28144042968745,86.28144042968745
2025-07-31,797.37,815.39856,Central India,Storage,-18.028559570312495,18.028559570312495
2025-08-31,551.4,760.5488,West Europe,Storage,-209.14882812500002,209.14882812500002
2025-08-31,737.17,760.5488,Central India,Storage,-23.37882812500004,23.37882812500004
2025-08-31,816.71,760.5488,East US,Compute,56.161171875000036,56.161171875000036
